NUTS,air passengers,GDP,farm labour force,deaths,hosp discharges resp diseases,stock of vehicles,thousand hours worked,students tertiary ed,health personnel,students enrolled,utilised agricultural area,hospital beds,education and training,crude death rate,longterm care beds,regional GWA,pop density,unemployment rate,pct leavers from education,NEET rate,compensation of employees,life expectancy,covid_severity,Covid_Cases_Density
AT11,1.1381890672901656,0.12271592237066636,-0.02264438441903891,0.4737944444091002,-0.2601728231120088,0.6975265076403852,-0.16302910635094436,-0.6211369843005444,0.2439830692937083,-1.020296207542126,0.38452401165558175,0.10046651904005828,-0.14766844177330066,0.35522765789268573,-0.6123106639052757,-0.20089107457853378,-0.3531874157268934,-0.861566027908691,-0.6483096514993568,-0.7419114014562119,0.13343650766472034,0.09185092630931282,below_than_avg,0.0015385346900514882
AT12,0.9947226675961467,0.4599995517280531,-0.15323395193048947,-0.03405286992836128,-0.2791651244949522,0.5654627826074351,-0.13196944334722988,-0.7532673251063141,0.47771516941067627,-0.8707477549036918,0.21732305061160195,0.33332262700810794,-0.14766844177330066,0.0044100014155390764,-0.526227322692179,-0.1158559910001979,-0.3442238259750182,-0.861566027908691,-0.7406836753801456,-0.8718547948024433,0.4319204329913166,0.010118158678912262,below_than_avg,0.0022080559904576833
AT13,-0.3212072919847377,1.5005594107704192,-0.9647189025473822,-0.8673263780047665,-0.11888045152055844,-0.5649565001611129,0.38626358303666236,2.5488608940633135,1.8503852151129039,-0.9064435106174279,-0.9241774446876405,0.5562169763465084,1.087747966828346,-0.7437700148909706,-0.5001741770671078,-0.04782792413752823,3.4673206450926184,0.5693953979141154,-0.1453844103706182,-0.38561500034557766,1.555781127994441,-0.23508014421228943,below_than_avg,0.003530782637632764
AT21,-0.5554790523417534,0.5700237140220028,-0.3804605698319671,0.13392459075149707,0.11360310051583829,0.4605543552193346,0.11292680871556313,-0.4280517609181799,0.5724834099133228,-0.9788998885938919,-0.09618419284564077,0.7001643885449391,-0.010399951928673422,0.19255078886705007,-0.6896145635512061,0.1052352263034749,-0.36764221361505245,-0.7497721665162842,-0.6483096514993568,-0.7209527896261746,0.5765554943949278,0.21445007775491076,below_than_avg,0.001083213223753013
AT22,-0.5170565289174097,0.731833935910498,-0.2007825493875945,-0.11159573200465163,0.12323911432867637,0.39922205081182843,0.2365638237067776,0.4729811780870461,0.8011575777561909,-1.005370892980551,-0.2913613021997833,0.6928867704349454,0.19550278283826789,-0.13397178478409738,-0.7165639862736213,0.15625627645047596,-0.3541564524568258,-0.8168484833517282,-1.1512348926280955,-0.7712534580182643,0.7956314816868737,0.21445007775491076,below_than_avg,0.0018453219083837788
AT31,-0.562687575502982,1.0663884042884368,-0.2541276839507553,-0.560239686154629,0.06837724459021075,0.47894932658057365,0.24319396473878682,-0.470561732949815,0.19042694455558795,-0.7717435678239177,-0.19299508676896351,0.34809923564208767,0.07539285422421871,-0.5460698219976141,-0.6533153411087692,0.2072773265974794,-0.31361841592131834,-0.928642344744135,-0.7817387971049407,-0.7880203474822941,1.0448360970525497,0.2553164615701081,below_than_avg,0.002872616469801963
AT32,-0.3260897330552687,1.563079798907868,-0.41796650917747835,-0.8577086485757296,-0.08557871839660323,0.19038493738245507,0.5993043844864472,0.40321416870431537,1.178636223365442,-0.9363679936901879,-0.25202881217839673,0.8808596214660759,0.07539285422421871,-0.9228940705720077,-0.6800203246228179,0.15625627645047596,-0.3522991320577886,-1.1298712952504673,-0.3506600189945932,-0.6538852317700552,1.208772982438551,0.45964838064610664,below_than_avg,0.002764993463584105
AT33,-0.4590505028485687,1.2065119268335947,-0.423931470302346,-0.9624598428887304,0.17935714340507777,0.13458272738391672,0.413495016690443,0.7051692658220627,1.2306688076726717,-0.894879325568771,-0.2042581985960642,0.31663668130344563,0.14402709914653247,-0.9936503684930883,-0.6413989297008985,0.07122119287214007,-0.3672384483109139,-1.1298712952504673,-0.7201561145177482,-0.8886216842664731,0.9582958517215192,0.5413811482765072,below_than_avg,0.005283553800383827
AT34,0.6920464310547888,1.2216754616406138,-0.6849128072265721,-1.1902608005333306,-0.2741414024511265,0.060877965910176884,0.1266467435489295,-1.085239074445315,0.2271402538473984,-0.7167368524728076,-0.5155669189670797,-0.059447378517560406,0.058234292993640344,-1.1376676120492706,-0.5663764626663894,-0.2178980912942,-0.2897962629771456,-0.9957186615795791,-0.6483096514993568,-0.8550879053384135,0.9831624340708293,0.6639802997221051,below_than_avg,0.002653982610622477
BE10,0.6309389996897404,2.7021825189169326,-1.0171120865133576,-1.3676436714814377,-0.2268147359558465,-0.43055735739742507,0.4347415680155061,2.3007483081067925,-0.04206661396776412,1.2432056383335692,-0.9331241026763154,0.42975798485346195,0.023917170532483614,-1.3546535923405854,0.000814165447210134,-1.0002208602148916,4.0,0.9494945266482987,-0.33013245813219577,-0.15087854784915974,2.8858376280571143,-0.02380093988770284,higher_than_avg,0.007543135158464692
BE2,-0.24422658999753694,-1.0865162169305695,-0.7294706796560236,-0.451555814035202,-0.1912739873205059,0.04327388054169907,-0.19200994100174865,-0.03895209872452858,-0.6411260907331924,0.5792647983865387,-0.7362073674367909,4.0,0.023917170532483614,-1.3546535923405854,0.000814165447210134,-1.0002208602148916,4.0,0.9494945266482987,-0.33013245813219577,-0.15087854784915974,-0.9270827205995811,-0.02380093988770284,higher_than_avg,0.006812617252133415
BE3,-0.3945441396376312,-0.38994219623748216,-0.8039506045356067,-0.09328944024925044,-0.21496726941218203,-0.10702077601966588,-0.5959899724768808,0.10704821178640049,-0.44247701398646727,0.7267477799067178,-0.5296973225401818,4.0,0.023917170532483614,-1.3546535923405854,0.000814165447210134,-1.0002208602148916,4.0,0.9494945266482987,-0.33013245813219577,-0.15087854784915974,-0.22605541728929004,-0.02380093988770284,higher_than_avg,0.006486486191114872
BG31,-0.124188795452929,-1.5876754324771154,1.4829454146054584,4.0,1.4573608252815662,-0.4673633210255079,-0.2133054659639089,-1.2862897826995892,0.36804031683710586,-1.012007055086339,1.8097034534618126,0.6690338928272854,-1.6061461463724669,4.0,3.017448620866171,1.2106913128218413,-0.3845196033280426,1.1060059325976679,1.784206310694747,2.4815230980035263,-1.5166451582233722,-3.2591925465370637,below_than_avg,0.00122089054970288
BG33,-0.3985973049980309,-1.4951312667615442,0.8100947399974293,1.8061701776283237,0.2528372562735613,-0.48278079913679595,0.08418972556785137,-0.15778070422046647,0.01921845491575957,-0.9906753461399098,0.9622859726219821,-0.040187978500238544,-1.5031947789889963,1.6764293270385326,4.0,0.24129136002881182,-0.3645735973035997,-0.4367493546175454,0.24463924601493442,0.38566191499979524,-1.436123500299443,-2.727929556939469,below_than_avg,0.0021527349789700174
BG34,-0.3519748476135693,-1.505771348219562,1.1478511941259126,2.1906123766155448,0.5915657075813027,-0.5182453639292365,0.06286131576507588,-1.0386687770640395,-0.3361196414478213,-0.7431057713903428,0.8263414401529603,0.3300297123499738,-1.6233047076030456,2.0091717758461645,2.582530159379936,0.1052352263034749,-0.3736179401163025,-0.7721309387947657,2.687418988640237,1.5761110669459146,-1.4281847373905785,-2.9322614760154675,below_than_avg,0.0014500324670569224
BG41,-0.3023728973265206,-0.9732545529409233,0.24484052855931335,1.4333367199726417,0.6049570805046165,-0.18141285137887042,0.8509851131577285,0.6459526338550369,0.3208100887108886,-0.9443995280282439,-0.368657808278558,0.5214338357979835,-1.280133482991477,1.2839092861229435,4.0,1.6528737474291895,-0.332272372972518,-0.9957186615795791,-1.253872696940083,-0.9556892421225925,-0.9933114342732539,-2.319265718787472,below_than_avg,0.00313332633006408
CY00,0.48092809430222344,-0.2966297433209115,-0.13265041997761243,-1.4888487103503574,1.0813388886511965,0.45989311420965995,0.47437648781044417,0.748975185869375,0.1837938803248528,0.4436373873701957,-0.6706330552667014,-0.6625488488875714,-0.9369622583799084,-1.5312730003076025,0.000814165447210134,2.163084248899205,-0.3387326178387343,-0.10136777044032509,0.0393636373909594,0.3688950255357655,-0.3214652875727345,-0.02380093988770284,below_than_avg,0.002354716471191041
DE1,-0.47715739861745354,-1.4852759596481602,-0.7300741027252464,-0.16836037661282846,-0.8210909415196928,-1.374700421879534,-1.7620224201012065,-1.2484867690854897,-2.0198815555741763,-2.1870718469578456,-0.6599168478252903,0.0,-0.5289698024528213,0.9488245278790516,0.000814165447210134,-0.4541066567895769,0.4487353411037798,-0.8224381764213486,0.20814580448178305,-0.77823966196161,-1.3231461379176261,-0.02380093988770284,below_than_avg,0.003532577312120633
DE2,-0.24244382358608935,-1.5557764557070626,-0.523300668280626,-0.08916249219593156,-0.8511512292872415,-1.4320367431727397,-1.8402768512865795,-1.2958321803681268,-2.099560801345255,-2.275974958465345,-0.42366672704121866,0.0,-0.5289698024528213,0.9488245278790516,0.000814165447210134,-0.4541066567895769,0.4487353411037798,-0.8224381764213486,0.20814580448178305,-0.77823966196161,-1.394906433962938,-0.02380093988770284,below_than_avg,0.004120920670638962
DE3,-0.031085677112063486,0.8216062033623859,-0.9759859681578581,-0.42366655309913687,-0.16831609117434962,-0.723841636475115,0.1057192893878276,-0.62687365486572,-0.9737471412638545,-1.019834336270697,-0.9175878550414182,0.0,0.023917170532483614,-0.19470949184909583,0.000814165447210134,1.1596702626748403,3.074860769469976,-0.4367493546175454,-0.1453844103706182,-0.3688481108815479,1.0799815766412018,-0.02380093988770284,below_than_avg,0.0028510766207084305
DE4,-0.20617855786799597,0.0035421567782020313,-0.5888180479933673,0.986881049556108,-0.1364543424018998,0.07817222627238188,-0.3041539234306004,-0.20432171821323858,-0.2626197331484731,-0.22638506792096325,0.17757511460259756,0.0,-0.9026451359187515,1.1161813775406995,0.000814165447210134,-0.47300334202920763,-0.3460003933132277,-0.928642344744135,-0.10432928864582297,-0.9724561315866224,0.11969879755980693,-0.02380093988770284,below_than_avg,0.0014826164313870573
DE5,-0.3020351581474844,1.3092741890358903,-0.996908963349479,0.38028203275568234,0.325823725452014,-0.43275529710311855,0.36924897089724185,3.4465881812258288,4.0,4.0,-0.9066774109203217,0.0,-0.13050988054272228,0.6141664873938448,0.000814165447210134,-0.796136659626885,0.9927238490884519,-0.6603370774023589,0.963103876198847,-0.4862163371297567,1.7573716287661496,-0.02380093988770284,below_than_avg,0.0027539555080578156
DE6,0.20049725221336387,2.4620247492405882,-0.9685573220709424,-0.42695190046657755,0.03169192881807685,-0.4194192857241506,0.7199400625311064,0.2891267980684118,0.5678220042665062,0.700190650353261,-0.9164581029045411,0.0,-0.02755851315925179,-0.19303972670641556,0.000814165447210134,-0.0988489742845317,1.6815474579487686,-0.7497721665162842,0.3883321720517168,-0.6538852317700552,2.440197228923599,-0.02380093988770284,below_than_avg,0.0032226229974995305
DE7,0.3563174113487684,-1.1354640585358982,-0.8344729961355553,0.07179169781705694,-0.6719367227584183,-0.6035370872439176,-0.6902725710304405,-1.0135666017737053,-1.6245262034772943,-1.74594918556195,-0.6714095242404238,0.0,-0.5289698024528213,0.9488245278790516,0.000814165447210134,-0.4541066567895769,0.4487353411037798,-0.9062835724656536,0.20814580448178305,-0.7712534580182643,-0.9670833158487395,-0.02380093988770284,below_than_avg,0.0022305695856286814
DE8,-0.5803877122310003,-0.03767868963259325,-0.511601242292877,1.3340075786142311,0.48948010955212684,-0.014134880717915932,-0.20438624882983644,0.563397818805438,1.0294022815763924,1.2152045974134662,0.8446765766130141,0.0,-0.8511694522270162,1.3654773133428797,0.000814165447210134,-0.3539542250195393,-0.3584363646806941,-0.7721309387947657,0.0393636373909594,-0.9053885737305031,0.18844735484518665,-0.02380093988770284,below_than_avg,0.0006081567626658906
DE9,-0.52075272130425,-1.3076251567867208,-0.5817653773768602,0.5906029711356843,-0.7453434708680079,-1.3595958109301605,-1.8328392900310904,-1.1291833485941187,-1.8191016636029245,-1.9630491801812613,-0.24209177823543723,0.0,-0.5289698024528213,0.9488245278790516,0.000814165447210134,-0.4541066567895769,0.4487353411037798,-0.8168484833517282,0.20814580448178305,-1.0395236894427418,-1.1423208257755224,-0.02380093988770284,below_than_avg,0.00196694659032567
DEA,-0.3831609192669405,-1.6596536118245389,-0.858458290526507,0.46553119787233904,-0.8954427928920854,-1.2645620964043545,-1.618559980602334,-1.3655920679459894,-2.2169621519027016,-2.4069669785169228,-0.7593253802226285,0.0,-0.5289698024528213,0.9488245278790516,0.000814165447210134,-0.4541066567895769,0.4487353411037798,-0.6603370774023589,0.20814580448178305,-0.5532838949858762,-1.5006398102090737,-0.02380093988770284,below_than_avg,0.003105773311645296
DEB,-0.5541353512338809,-0.7029969050849261,-0.5891349468242602,0.5209030844382905,-0.48753962189422817,-0.9994514731991587,-1.5013034888630863,-0.7231383581304186,-1.135754371589063,-1.2005959225939835,-0.5649597725280899,0.0,-0.5289698024528213,0.9488245278790516,0.000814165447210134,-0.4541066567895769,0.4487353411037798,-1.308741473478318,0.20814580448178305,-1.1568919156909507,-0.5268882435249023,-0.02380093988770284,below_than_avg,0.0020581826193732484
DEC,-0.5577172952458171,0.47505231119064995,-0.9305552242059733,1.4387306771066457,-0.01037080172069347,2.4348233295546655,3.4373365121045754,1.8972237462488541,3.2741445070510835,3.7198037115959166,-0.7647900130699853,0.0,-0.8340108909964379,1.5138359462700308,0.000814165447210134,-1.37437522795957,-0.10471024756004765,-0.8224381764213486,0.08041875911575426,-0.77823966196161,0.8573647686661723,-0.02380093988770284,below_than_avg,0.003078366621507832
DED,-0.5001880008672128,-0.6963215697305496,-0.7497590228735408,1.3333969228853766,-0.4846933653015115,-0.7330632006576112,-0.8862955746812418,-0.7186554606265708,-1.1282099468539328,-1.1921781366699773,-0.45842243411508427,0.0,-0.5289698024528213,0.9488245278790516,0.000814165447210134,-0.4541066567895769,0.4487353411037798,-0.8224381764213486,0.20814580448178305,-0.77823966196161,-0.5200936240823446,-0.02380093988770284,below_than_avg,0.0014165130350879218
DEE,0.05272164508344515,-0.03845988034499391,-0.6685580828679952,1.8668595243534052,0.16793305964396796,0.024190975507428474,-0.24965965505458468,-0.0029493397730014355,0.07627687369398607,0.1517430448148177,0.20611719598534242,0.0,-0.8511694522270162,1.9847514606344634,0.000814165447210134,-1.0512419103618926,-0.3282347199311328,-0.7274133942378029,0.2856943677397293,-0.8550879053384135,0.18456089494424519,-0.02380093988770284,below_than_avg,0.000974584263949677
DEF,-0.5832157365911544,0.2765717137106098,-0.6000368207531621,0.69885582146709,-0.013238635589007059,0.07879005801132746,-0.20795382130067985,-0.3820106562613093,-0.5616586512183733,-0.560041467664398,-0.20591308107360018,0.0,-0.47368110515429085,0.8586201042822514,0.000814165447210134,-0.18388405786286757,-0.264036036573108,-1.0404362061365418,0.7167731458500771,-0.4862163371297567,0.3856629300196488,-0.02380093988770284,below_than_avg,0.0013258612157355275
DEG,-0.5810648163280709,0.023151736472591965,-0.6625298844790342,1.4170135358487197,0.09449320196684034,0.06279396321894994,-0.10937917100301216,0.04173550544165522,0.1514785599323095,0.23565026347004714,-0.15295232293098573,0.0,-0.7139009623823889,1.474137280002805,0.000814165447210134,-0.9151857766365556,-0.3090962445149669,-0.861566027908691,-0.3506600189945932,-1.0898243578348312,0.3129903493655289,-0.02380093988770284,below_than_avg,0.0016509029342198147
DK01,0.7877168919298969,2.5665018865112788,-0.9489872937514577,-0.9331126424577678,-0.10809371068839695,-0.35568805781074136,0.2560275783344176,1.286137509908227,0.5754977655706582,1.0137325795050056,-0.8193871754181384,-0.700956962715219,2.1515787631242085,-0.800333309099268,0.000814165447210134,0.9555860620868337,0.19447984280659628,-0.4367493546175454,-0.6996285536553506,-0.8550879053384135,2.822621948113344,-0.0716146089514883,below_than_avg,0.0039999501631344785
DK02,-0.586382446125661,0.47815064458550605,-0.5688198489345825,0.16452201872661004,-0.1671504543801473,-0.2275817201728885,-0.604369692178927,-0.3804416395227141,-0.1868342731345704,1.1228257286353922,0.26367959782581873,-0.7614469748385887,1.499553436362228,0.24343688159023474,0.000814165447210134,-0.14987002443153274,-0.32048242609167316,-0.6156195328453962,0.12147388084054947,-0.7041859001621448,0.6907424117007523,-0.35767929565788736,below_than_avg,0.002430259900472796
DK03,-0.3221156227322594,1.2027653138188283,-0.3544066204627614,-0.21536081086058523,-0.24594053297176455,-0.1862865244360563,-0.1973944865852128,0.18776127716367794,0.020835092126525446,1.1413164187568743,0.4153520744012211,-0.8254236024823357,1.4309191914399144,-0.08187511233246961,0.000814165447210134,-0.20089107457853378,-0.33364517500658897,-0.6603370774023589,-0.24802221468260569,-0.7209527896261746,1.4386418395261131,-0.0716146089514883,below_than_avg,0.0008568356764137176
DK04,-0.5481286795545562,1.3059376116268504,-0.4464194776789523,-0.8149763680680788,-0.2677839269134523,-0.21250732630062516,-0.1404891649747104,0.6330399802567365,0.01271127915105003,1.2141137549953829,0.3394727675224446,-0.9241833706746079,1.499553436362228,-0.6223363448895401,0.000814165447210134,1.329740429831512,-0.332272372972518,-0.5709019882884334,-0.3506600189945932,-0.8550879053384135,1.5718935773723963,0.1327173101245102,below_than_avg,0.0012485486376042343
DK05,-0.3810005979176428,1.0097936937917136,-0.2464623437095633,-0.07892208325196512,-0.2502489564671878,-0.16797031557122033,-0.22311248346142173,0.6672421786812376,-0.2554828742414203,0.9944872285454364,0.8215351229126981,-0.9009669387571754,1.3279678240564436,0.05462818808165124,0.000814165447210134,-0.28592615815686967,-0.35431795857848125,-0.5038256714529894,-0.596990749343363,-0.7544865685542343,1.2927817098047778,-0.15334737658188888,below_than_avg,0.0009475604133329718
EE00,-0.3805388209751745,-0.5552679415990697,-0.22936864163835377,0.5021113270101165,0.3854202121485351,1.1236862831944983,0.4457718439583856,-0.16062142484836506,-0.31602976632219315,0.5208967766188041,0.6029661703919578,-0.2708857054318643,1.1906993342118168,0.6161702055650613,-0.6545171672165715,1.9249860148798632,-0.39138361349839745,-0.28023794866817586,-0.7817387971049407,-0.5532838949858762,-0.42498866136576724,-0.02380093988770284,below_than_avg,0.0016599246337029412
ES11,-0.42345939191778703,-0.3790984190763909,0.333225265148137,0.49382603567624667,-0.024524372581004743,0.21039703184452418,-0.15561982662836393,-0.05445588359924217,0.507187023448513,-0.2534956047787819,-0.4159985255467694,-0.612186624704345,0.246978466530003,0.6848392970577919,-0.6419489179197232,0.15625627645047596,-0.3417204810893594,0.8824182098128545,0.1420014417029469,-0.5029832265937868,-0.43415346565936674,0.9500449864285042,below_than_avg,0.004305866368286445
ES12,-0.47086241617637986,-0.41291589367050524,-0.07440710923438582,0.9669257309372696,-0.019264476038694463,-0.0028614404809685517,-0.21885916573339437,-0.15552805549289483,0.021202187817290784,-0.35967141559592175,-0.22940522098230853,-0.5675800832849158,0.16118566037711085,1.0676747001458342,-0.7448170847739917,-0.3199401915882045,-0.338005840291285,1.3519524276609627,-0.49435294503137556,-0.016743432136921147,-0.3833664376649384,0.6231139159069078,below_than_avg,0.002877615936417643
ES13,-0.4176615968468095,-0.3449534172726292,-0.30003361809907836,-0.04938680854324724,-0.28515534673573034,0.08518175304338228,-0.2242691238553045,0.09122246478295341,0.7658915906854907,0.08563029523813537,-0.11694472425436085,-0.6158669410869655,0.2984541502217384,0.052290516881898945,-0.6800814344249095,0.17326329316614458,-0.3267811648362341,0.9047769820913357,-0.4532978233065807,-0.2850136635613986,-0.3655291842224243,0.9091786026133069,below_than_avg,0.005561584373304395
ES21,-0.34259754803485903,0.28907845253506514,-0.7292255444529503,-0.2559399380012178,-0.13723693102855944,-0.16497702702135092,0.1497811378098771,0.10561949921955366,1.065564356553116,0.33507613871047576,-0.7507600455705978,-0.6231445591969592,0.5043568849886794,-0.1459523496828291,-0.6711594033195294,0.13924925973480975,-0.17076625131710968,0.3234489028508207,-0.9870144057289156,-0.6706521212340852,0.2589940318478866,1.1543769055045028,higher_than_avg,0.010609198689164412
ES22,-0.556200425249888,0.15250181096706122,-0.1988316454172233,-0.8538012692249284,-0.29311118863522434,0.07971025334418011,0.12342511722034583,0.1450559631816656,0.9105980333307515,0.4996831118165244,0.8429040960716374,-0.5963031540004043,0.5901496911415716,-0.5691543250951702,-0.695073705871393,0.4113615271854836,-0.3650581156685659,0.4576015365217087,-0.10432928864582297,-0.38561500034557766,0.11785340887019628,1.3587088245805012,higher_than_avg,0.012875680302935679
ES23,4.0,-0.10205942435544557,0.22814412380093066,-0.20808559969584814,-0.05350481474462533,-0.0038075218875019564,0.05335208661897901,2.9223678374673723,-0.3043594365089411,0.35571814782540945,0.5234421684898634,-0.629453672995737,0.058234292993640344,-0.05273771059269699,-0.6927719033259411,-0.4049752751665404,-0.3654618809727044,0.6141129424710784,0.6757180241252818,-0.5197501160578165,-0.2699549856909383,1.0317777540589048,higher_than_avg,0.015158373189082426
ES24,-0.5651468235818826,-0.06714467008555733,0.3905329217101703,-0.08721564926817876,-0.1921411572618471,-0.0631938696029765,0.1303714124026492,0.059630976938501716,0.6753821549872652,0.23867946720960678,2.6915024901615587,-0.5219220228990238,0.12686853791595412,0.14558864422916454,-0.7151584608255136,0.2072773265974794,-0.39348319307991775,0.8153418929774102,0.5936077806756918,-0.06704410052901051,-0.1069662138999848,1.1135105216893053,higher_than_avg,0.01747757892196916
ES30,0.15873403649113269,0.3913980677238993,-0.9768795541317579,-1.5043031297179128,-0.20597180155425113,0.18961015277574791,0.3922334790514007,0.9144903773295994,0.7701169370724842,0.44279821608384273,-0.8370152722023932,-0.7687245929485823,0.3842469563746305,-1.3747742623098842,-0.6412970800307458,0.9215720286554989,0.26207015471938466,0.9942120712052612,-0.26854977554500314,-0.38561500034557766,0.5025877286319294,1.6856398951020977,higher_than_avg,0.0147499625022306
ES41,-0.5784990893623017,-0.3095308950964263,0.31411093511204036,0.6640474598131894,-0.06424168222171828,0.20896354656046995,-0.10657589309982944,0.3028248591974873,0.4536320338528387,-0.16034744073108767,3.768680819139397,-0.5560133746538232,0.04107573176306198,0.7439072389801097,-0.7126529589397561,-0.1158559910001979,-0.39534051347895494,0.9047769820913357,0.839938511024462,-0.0838109899930406,-0.3814006056912702,1.2361096731349033,higher_than_avg,0.010160300203181018
ES42,0.18815884242676661,-0.5697012254565864,0.7309978272194005,-0.40195521943313317,-0.2611566840205954,0.23648905547927235,-0.3799620672988879,-0.49770437718303395,-0.7296984674457737,0.43637942213656117,3.2836961936475255,-0.8785529818404648,-0.1819855642344577,-0.30633329163727896,-0.7995510975140747,0.32632644360714774,-0.39517900735729955,2.156868229686291,1.5173480194835793,0.033557236255168515,-0.6384624909170419,0.9091786026133069,higher_than_avg,0.01018159383717076
ES43,0.9060760039666905,-0.6656434211033055,1.4437970319077735,0.07237919457190359,-0.19274268437283557,0.2899378760167694,-0.36695785887639576,-0.3034606004167841,-0.5654896220404819,0.18525855071763972,4.0,-0.5967735703801378,0.023917170532483614,0.15193375177134988,-0.7188861587531039,0.003193126009472811,-0.3950175012356441,3.073577893104027,1.4557653368963868,0.7377665937444223,-0.6984497619024652,0.5822475320917045,below_than_avg,0.0038428255172654074
ES51,0.014896684650516535,0.08690293556242959,-0.6695140352908463,-0.8740028512951794,-0.076636442904687,-0.11198851594356579,0.1844647847946136,0.46334600498376793,0.584866207325247,0.5365000667836692,-0.6196132439636334,-0.4618470840518894,-0.02755851315925179,-0.6328141211598595,-0.6566356403557486,0.34333346032281636,-0.2237402592200836,1.0165708434837424,1.2504897282724117,0.8048341516005414,0.11273322953541423,1.072644137874102,higher_than_avg,0.012705642764808919
ES52,-0.19515553087604198,-0.42974388304302097,-0.4180240151893946,-0.7357170130346983,-0.26200361293599844,0.028784984479348127,-0.19338007480453406,0.2522762799722442,-0.030430750851290093,0.4215376597078887,-0.6627718806323891,-0.8827313861545676,0.31561271145231673,-0.5095019653729139,-0.5208292901740836,0.37734749375415116,-0.24142517954135082,1.821486645509071,0.8604660718868594,-0.03351032160095093,-0.42162668448332297,0.7457130673525058,below_than_avg,0.0037046603123550383
ES53,2.2150427901276157,-0.1117880535173838,-0.7227439119295674,-1.6731541662315694,-0.13241437350310178,0.3402311673207274,-0.01760852983796893,-0.7051256273930837,-0.20664932780873685,0.14219555558271058,-0.6227052491969791,-0.7289882446369819,0.19550278283826789,-1.415099090505615,-0.4736321530253035,0.7174878280674947,-0.22123691433442477,1.7991278732305902,2.0510646019059147,1.0060368251688996,-0.19482216335112323,1.0317777540589048,below_than_avg,0.004211526151685973
ES61,-0.2848859518942303,-0.6594911047448097,0.33884086808555114,-0.9258318810579227,-0.5017801100340388,-0.019540166476991788,-0.4165884851569328,0.10171964475239548,-0.15983725862512774,0.6028926336180479,0.16556531012518325,-0.9212501861892111,-0.09619275808156556,-0.7140064512226929,-0.5039629847967897,0.32632644360714774,-0.3373598158046634,3.1853717544964337,2.153702406217902,0.838367930528601,-0.6274723740241624,0.3779156130157061,below_than_avg,0.002606367500766388
ES62,-0.5857547433680333,-0.5324813350764455,0.2597544600624429,-1.2003400394639143,-0.2725541128703614,0.06610501224328406,-0.11709249404281243,0.33059369511460535,0.3458946621746756,0.8063185729064927,-0.4006261132092577,-0.6239747057494298,0.4528812012969443,-1.1327418048783637,0.04337714260404069,0.2072773265974794,-0.3090962445149669,1.821486645509071,1.5173480194835793,0.033557236255168515,-0.48547381556894326,0.5005147644613098,below_than_avg,0.0025975682933198838
ES70,0.9201420615170305,-0.5598359569473861,-0.5506060945977432,-1.4812014631021673,-0.3873483932982195,0.2524701912265817,-0.3356951641526387,-0.27378991680523296,-0.02456661821330113,-0.02073970512539152,-0.8833641657604926,-0.7193032015248229,0.006758609301904944,-1.2179833154121966,-0.441773576201526,0.42836854390115225,-0.17423863293270098,3.252448071331878,1.4147102151715918,1.2575401671293471,-0.5111460112809538,0.7457130673525058,below_than_avg,0.0018363945870168512
FI13,-0.3881555601326933,0.44008744637181707,0.695908702542917,0.23311122786663774,0.4410483333983242,0.6643879493356002,-0.11406846281601542,0.6186948490859638,1.9497226860361812,0.6247482956598839,1.296454918311001,-0.4503357185242947,2.7349698449638753,0.32254200522471677,-0.7372598392486583,0.1902703098818108,-0.4109258542187018,0.16693749690145135,-0.5559356276185682,-0.2850136635613986,0.3603977809183281,0.2553164615701081,below_than_avg,0.0002198340370369501
FI18,-0.553632163702092,0.612305593889133,0.43121342632323706,0.3893240932853084,0.6052229603528033,0.591210991848969,-0.10570793883455074,0.43018812485375524,2.4552156841684827,0.30557989108963507,1.7255818964157728,-0.5770160824313336,2.5119085489663555,0.4197640806572824,-0.7321877256750519,0.17326329316614458,-0.3864576767879075,-0.07900899816184362,-0.6380458710681582,-0.570050784449906,0.44940060094623807,0.2553164615701081,below_than_avg,0.0006554699972318796
FI19,-0.5462435257563532,0.5769132271000945,-0.3520703602627121,-0.03647733102051473,0.33492434474790406,0.6818296339485019,-0.06799944543473121,0.7794840351885606,1.6229673634153883,0.5664400391874205,0.29039626679394065,-0.6029166548684215,2.649177038810983,0.038014024911981435,-0.7321469858069908,-0.4219822918822066,-0.39687482163468135,-0.07900899816184362,-0.6585734319305557,-0.2850136635613986,0.5268801460013747,0.2553164615701081,below_than_avg,0.0005229746157841137
FI1A,-0.3881555601326933,0.44008744637181707,0.695908702542917,0.23311122786663774,0.4410483333983242,0.6643879493356002,-0.11406846281601542,0.6186948490859638,1.9497226860361812,0.6247482956598839,1.296454918311001,-0.4503357185242947,2.7349698449638753,0.32254200522471677,-0.7372598392486583,0.1902703098818108,-0.4109258542187018,0.16693749690145135,-0.5559356276185682,-0.2850136635613986,0.3603977809183281,0.2553164615701081,below_than_avg,0.00020105817622240632
FI1B,0.5118873405195303,1.742786549478614,-0.9227451893036723,-1.3609628027073721,0.0862261433928891,0.04621762234294404,0.3546110830529187,0.6551000007155212,0.8572266288991192,0.5097215496242963,-0.704153689178389,-0.7641311153582442,3.541422222801061,-1.2828536912053297,-0.6645391747596012,0.3943545104698174,-0.26686239370207765,-0.1908028595542504,-0.6791009927929531,-0.7712534580182643,1.5657321671424476,0.2553164615701081,below_than_avg,0.003263844708458477
FR10,0.15288407115565036,2.0191000245705175,-0.9851051536422166,-1.8641109158161966,-0.4429318133047663,-0.29118159657771453,0.15015361200214242,0.8109985758204172,-0.06002676208095427,0.5295218822548873,-0.8339710088256219,-0.04519652936681202,0.43572264006636563,-1.7612831487118241,-0.5227848038410162,-0.23490510800986864,0.4131591315280191,0.032784863230562934,-1.1101797709033006,-0.40238188980960743,2.2997678770126995,0.21445007775491076,below_than_avg,0.002465269452844745
FR23,-0.5764384748180009,0.5612881730700192,-0.4062581158613824,-0.006889693704102692,-0.27085165318332377,-0.28883764313435606,-0.41918658732935044,-0.019053541937774067,-0.6914414182605156,0.3160543437619791,0.34999845965676657,1.7070214704849818,-0.05329635500511949,-0.9834731499484515,-0.6625429212246076,-0.44749281695570836,-0.21739306863902608,0.6588304870280409,-0.0037442404200751654,0.8266311079037807,0.7843222121570007,0.21445007775491076,below_than_avg,0.0005667839267563059
FR24,-0.5805855774661877,0.008420272588814445,-0.3821322186182747,0.05428147014086362,-0.37872165788935813,0.009158659658628086,-0.46969558572996223,-0.5007139098789798,-0.8673756088430871,0.29933089804921154,0.9805027182452151,0.12910657510029944,0.36708839514405217,-0.07477861047607783,-0.7195379966420814,-0.745115609479884,-0.3632007952695287,0.18929626917993264,-0.4738253841689781,-0.10057787945707038,0.16593288695882674,0.4187819968309093,below_than_avg,0.0009209868863627683
FR26,-0.19608885386277575,1.0261921350343866,-0.24375031882674986,0.15943545066323264,-0.32526015579424983,-0.01817525993865971,-0.07562313793728039,0.2662402856478263,-0.6071500991581792,0.1276668199760218,0.9096227271805154,1.9516656594981165,-0.05329635500511949,-0.9834731499484515,-0.7545131733725328,-0.44749281695570836,-0.21739306863902608,0.6588304870280409,-0.0037442404200751654,0.8266311079037807,1.262052195683729,0.21445007775491076,below_than_avg,0.0014657273510950194
FR30,-0.5002955756718992,-0.5569317102438536,-0.6916096772141183,-0.4996251482466168,-0.2228516971588866,-0.9398539461052124,-1.2455496896501639,-0.7052624295647407,-0.6126165599783696,0.5434344935532925,-0.174715520231676,1.698498632546282,-0.05329635500511949,-0.9834731499484515,-0.6260399994418652,-0.44749281695570836,-0.21739306863902608,0.6588304870280409,-0.0037442404200751654,0.8266311079037807,-0.36474772516424864,0.21445007775491076,below_than_avg,0.0011982708158846454
FR41,-0.4246159023491697,-0.4438667129303749,-0.408389099476262,-0.35164231067090784,-0.5754601394314872,-0.8740286485543461,-1.1619947973270455,-0.6358787536046071,-0.48282399809053866,0.17292295317336845,0.22388724463772372,3.3562736262786514,-0.05329635500511949,-0.9834731499484515,-0.1107265008205642,-0.44749281695570836,-0.21739306863902608,0.6588304870280409,-0.0037442404200751654,0.8266311079037807,-0.24856342964697858,0.21445007775491076,below_than_avg,0.002344471696361381
FR51,-0.4281075499524728,0.13933155301375538,-0.2751410557208919,-0.5122202105535796,-0.4797308741726003,0.016079292221372745,-0.30987963947697605,-0.1364986210540483,-0.6626224868302193,0.4103478104343376,0.23535230771372567,-0.13997159410722457,0.727418180986199,-0.5745393176803142,-0.7411301267144625,-0.20089107457853378,-0.32048242609167316,-0.2578791763896944,-0.6380458710681582,-0.2850136635613986,0.3458587141460272,0.7048466835373083,below_than_avg,0.0006175327445559303
FR52,-0.5354835500011434,0.036537527235132254,-0.25139714293532484,0.029884469758139486,-0.3912731791167902,0.08594391022018644,-0.3773211228058026,-0.021047286105450674,-0.4522212288934096,0.2156709348188664,0.11029006963786701,0.10890634232351094,0.6073082523721499,0.021692070642280428,-0.7333284419807625,-0.3369472083038707,-0.31717155059773733,-0.3025967209466571,-1.3975656229768656,-0.6538852317700552,0.19170760789015726,0.3370492292005087,below_than_avg,0.0004085127871648379
FR61,-0.4450190593782375,-0.5639824543739501,-0.09801119790473581,0.19620660458822986,-0.38185818876976513,-0.9439588180049733,-1.2507601807887672,-0.7095892022850733,-0.35621220113602353,0.0006310831684840307,0.492955577326744,3.8345487267088085,-0.05329635500511949,-0.9834731499484515,-0.7081919433870661,-0.44749281695570836,-0.21739306863902608,0.6588304870280409,-0.0037442404200751654,0.8266311079037807,-0.3719929890309831,0.21445007775491076,below_than_avg,0.0003823260042828488
FR62,-0.3986781229530208,-0.5485646782852791,-0.23220896643710418,-0.17733732433162286,-0.39546207347267054,-0.9349827447486709,-1.2393664634442279,-0.7001279012141827,-0.27506065580142103,0.11513168133275137,0.3372988806782127,1.979171181936648,-0.05329635500511949,-0.9834731499484515,-0.7263619245423151,-0.44749281695570836,-0.21739306863902608,0.6588304870280409,-0.0037442404200751654,0.8266311079037807,-0.3561498590095957,0.21445007775491076,below_than_avg,0.0005090854104186093
FR71,-0.45511437117575115,-0.9136515848796481,-0.5306085702524146,-0.7685149108146804,-0.41092973445793446,-1.1475326481628092,-1.5091652331244387,-0.9241678094644746,-0.3628325254735066,0.36143298552624065,-0.1572866683794569,2.0357595052634054,-0.05329635500511949,-0.9834731499484515,-0.6767203953098692,-0.44749281695570836,-0.21739306863902608,0.6588304870280409,-0.0037442404200751654,0.8266311079037807,-0.7313089803390885,0.21445007775491076,below_than_avg,0.0010237909879111811
FR82,-0.17086601259755346,0.260850362110084,-0.6658783224433082,-0.13039689547836872,-0.3164111589536873,0.07000135795741458,-0.35646105677085915,-0.28384678419514564,0.050680485394704655,0.26148596717328787,-0.5963612137071249,0.38025357877445537,0.16118566037711085,-0.19454251533482797,-0.6808962317861315,-0.3029331748725359,-0.28487032626665565,-0.011932681326399611,-0.6380458710681582,0.16769235196740712,0.4212033861532825,0.21445007775491076,below_than_avg,0.0011938753524807675
FRM0,0.44756612485604613,-0.0880129756144985,-0.45317699115604637,-0.49723892365531547,-0.4846978699968075,0.2888164511686966,-0.5103812949547214,-0.895226015384162,-0.6124781610013276,-0.3995245884174772,0.04699432862377379,0.12592434664916158,-0.45652254392371244,-0.4457586810510902,-0.5307901879150217,0.08822820958780869,-0.38403508496307637,0.01042609095208166,-0.9049041622793256,1.1066381619530787,0.20704895798192732,0.9500449864285042,below_than_avg,0.0007401689088580292
FRY1,-0.08458862944934106,-0.340781490713219,-0.25239191396800265,-0.704766053402154,-0.6267635809352942,0.14459157532776493,-0.8475257083829477,-0.15765659546907265,-0.7453336838787633,0.8071269470180051,-0.7731771448580113,0.033473692255667396,-0.6109495949989183,-1.1765731398737236,0.9768904793560039,-0.6770875426172143,-0.21655323680641791,2.0897919128508473,0.18305656342774176,1.6934792931941234,-0.018817863573133455,0.050984542494109636,below_than_avg,0.0002132392495916953
FRY2,-0.1296736804796287,-0.27800834432827537,-0.16510650529568746,-0.23863299305567454,-0.5765634276332247,0.251670578624484,-0.5576072744320891,-1.0652414713487612,-0.5623738518982295,0.34247681614360004,-0.7899116762262146,-0.08017337077758055,-0.4393639826931341,-0.6649988442850239,2.5392644194990517,-1.4424032948222372,-0.1506587391710113,0.97185329892678,0.7167731458500771,1.056337493560989,0.2915941417601216,0.17358369393970757,below_than_avg,0.00027513680413316624
FRY3,-0.42328890887347026,-0.9514306339652006,-0.3433639417015345,-3.009638082164733,-0.6461719627831565,-0.7725757763852902,-1.3588464118671952,-0.9154495590801908,-1.145646120931816,2.141080014928979,-0.7882938691481804,-0.5547958263768661,-0.9884379420716436,-2.9337922319019833,-0.27789745692576573,-0.6770875426172143,-0.41326769298270527,1.7991278732305902,3.180080449337777,3.5881378026294968,-0.5965360984086557,-0.7663431338098844,below_than_avg,0.00477635150614747
FRY4,-0.3461011848646698,-0.43634817492130074,-0.3879451332224289,-1.975770381084543,-0.43595640538621794,-0.2132095792020012,-0.723672791482147,-0.481949737008245,-0.3719839723017734,1.4643360409996222,-0.8281229288955166,-0.4126747365938711,-0.3364126153096636,-2.0301570808119314,3.0729566910994146,0.05421417615647386,-0.13684996576947392,2.067433140572366,1.0452141196484366,2.0958846403308398,-0.09643500127508402,-0.15334737658188888,below_than_avg,0.0002182391948257471
HR03,-0.1154770127988612,-1.1048591714314648,0.2503062772233381,0.7363666796956811,-0.5378041137832015,-0.2794273515658414,-0.008171875984290887,-0.085038030442292,-0.43467963735041826,-0.8900076797083132,-0.20773052595477595,-0.07231465008085722,0.0332894938937239,0.792455660503542,0.04743075947611969,0.020200142725139023,-0.3707915829873329,-0.12372654271880637,-2.033920009711188,-0.4694494476657269,-1.0342135816330587,-0.7254767499946811,below_than_avg,0.0019187626746794662
HR04,-0.480009490700242,-1.0460673735461323,1.4289402053278395,1.1568618829809283,-0.407147014366816,-0.45737154299374677,-0.037923098646560335,0.17988859197931792,-0.2337496830684198,-0.8312829324413346,-0.05645485991690763,0.07796954746810054,0.0332894938937239,1.1868124430760798,-0.003270006325914773,0.15625627645047596,-0.346727170860677,-0.12372654271880637,-1.7875892793624182,0.23475990982352657,-0.9812710545238701,-1.5428044262986753,below_than_avg,0.0016473181905725864
ITC1,-0.5089114004648839,0.15328221465625783,-0.4058545620128313,0.8235565331446983,-0.41150737080332317,0.4447613812021812,0.06489717344049535,-0.3139972075179627,-0.19323119930169574,-0.5184761069809508,-0.4640249597870296,-0.5648682712135115,-0.5423153500766046,0.7413608471375225,-0.6237993066985048,-0.6260664924702132,-0.2768757732447129,-0.12372654271880637,0.1420014417029469,0.7377665937444223,-0.1085606383036712,0.6639802997221051,higher_than_avg,0.007473527776495592
ITC2,4.0,0.6106414545374644,-1.0171120865133576,0.30328858464750474,-0.29050885368060425,4.0,0.39572374372097463,-1.1793025068117358,-0.17279288311365285,-0.5084578090354699,-0.9331241026763154,-0.5309982918727042,-0.45652254392371244,0.46576611033812665,0.9554613087558673,-1.2213120775185644,-0.3848426155713534,-0.5038256714529894,0.11326285649559029,0.41919569392785483,0.013442693054971895,0.7865794511677031,higher_than_avg,0.009749348177295775
ITC3,-0.5019909238447583,0.19666974774296553,-0.6517325367961857,1.5561578190807495,-0.2457791510305319,0.0190891168005135,0.01677007572445552,-0.6356211420875063,0.388052251555745,-0.6921697859446944,-0.8809291797996167,-0.5516135979257282,-0.25061980915677146,1.5890588659477816,-0.4861189225860295,-1.3063471610969002,-0.18643234511768428,0.0551436355090446,-0.12485684950822076,0.5365639201760639,-0.188581261277136,0.7457130673525058,higher_than_avg,0.006926036151010017
ITC4,-0.17467598451370947,0.6653563425575286,-0.7685088717017468,-0.20383430318776946,-0.4005109940739171,0.21575197721657513,0.2534160080612413,-0.22106165809069686,-0.17296804862816748,-0.3609770788400272,-0.7370252301289617,-0.5544637677558779,-0.3878882990013987,-0.22096654871774507,-0.5969721035802729,-0.3879682584508718,-0.06409145796371246,-0.6826958496808402,0.12147388084054947,0.5868645885681533,0.2815425949829527,1.0317777540589048,higher_than_avg,0.00974460294694584
ITF1,-0.5414936088001407,-0.26338503904008453,-0.02575983015178673,0.3729564390186625,-0.3902038009459341,0.4907577006605923,-0.13387451458561683,-0.0037659619364042224,0.1875219206823717,-0.6032637904544048,-0.23423898098435753,-0.7134645041057784,-0.5594739113071829,0.31502806208265527,0.1652504579088105,-1.37437522795957,-0.3187058587534637,0.2787313582938581,-0.6791009927929531,0.5533308096400937,-0.4778819426315078,0.8274458349829062,below_than_avg,0.0027667412965506153
ITF2,2.587520053998547,-0.5263282417432646,0.8447291007321042,0.7641015925444025,-0.6198746833514635,0.6490108069861412,-0.27852038838838294,-0.4153239540906324,0.06613178135062389,-0.7208866727967819,0.30274111609810783,-0.6937900308122212,-0.5251567888460262,0.5918751227390622,2.392173125864463,-0.8811717432052208,-0.36093970956635296,0.3234489028508207,-0.5559356276185682,2.2300197560430783,-0.7160568616906351,0.7865794511677031,below_than_avg,0.0016771153615780857
ITF3,-0.4272639564612201,-0.6838474146291664,-0.46280121757324294,-0.4402238145346538,-0.5212798075666201,0.210381743457249,-0.546829093811653,0.06641244691615986,-0.06950044510631757,-0.27782103671472125,-0.7431434960933649,-0.8265304645522966,-0.8340108909964379,-0.4662133040489252,3.195644803765407,-1.1872980440872296,-0.07507387423628024,2.2015857742432536,1.2299621674100145,2.6491919926438245,-0.7936771246620032,0.17358369393970757,below_than_avg,0.0009546329634954867
ITF4,-0.41030950682907047,-0.6572874628390097,0.13289790935263104,-0.2344668513048237,-0.46120886049397936,0.18055172458703578,-0.3762173991717065,-0.6159850535898181,-0.10368217616293766,-0.48976425584078814,-0.29430195011037025,-0.7404996101645763,-0.799693768535281,-0.31468211735068086,0.0677395837045763,-0.9491998100678906,-0.24901596725915498,1.3295936553824814,0.8809936327492569,1.7605468510502427,-0.7423749109664459,0.8274458349829062,below_than_avg,0.0012480696531130282
ITF5,1.1373393497761433,-0.39092046894179205,0.9394658444812934,0.5782590505648462,-0.293333854314616,0.49916110298023364,-0.24177726548592687,-0.9829332854388558,-0.3626504631184656,-0.7268106915130345,0.9344433260876805,-0.7265254765313184,-0.5251567888460262,0.23087189889156495,1.2011023432302481,-0.47300334202920763,-0.371033842169816,0.12221995234448842,-0.24802221468260569,1.4755097301617353,-0.6386325672220573,0.5413811482765072,below_than_avg,0.0008910916143398873
ITF6,-0.42977527752095385,-0.7784768548292658,0.21107503134993516,0.09017760312990154,-0.5839255062539451,0.4720665638961306,-0.5327509977831847,-0.5571858470017951,-0.07991113421711056,-0.5022650959740004,-0.37212341250345127,-0.837682099907154,-0.7825352073047026,-0.11931959565707714,0.1395232312282282,-1.612473461978909,-0.31386067510380145,2.693478764369844,1.0862692413732322,2.397688650683377,-0.8855905962797206,0.45964838064610664,below_than_avg,0.0007264625602525724
ITG1,-0.2729234820477194,-0.740395278835565,-0.17112112401973376,0.13578795867228474,-0.516513030234775,0.4474668741742405,-0.6301018829750606,-0.5579639201103901,0.24639641650607208,-0.38916542683417704,-0.35320200902551985,-0.7442352696506949,-0.9369622583799084,-0.03578959439449141,1.6731959343222333,-1.510431361684907,-0.2608866672008275,2.2015857742432536,1.6610409455203616,2.8671615556762124,-0.8256577510170212,0.2553164615701081,below_than_avg,0.0007942091649932619
ITG2,-0.11163969797819967,-0.50789241957552,0.05297329974907919,0.049016759297075586,-0.37699539020492295,0.4214020622680268,-0.31188743734929936,-0.5036665080849108,0.48473744014004094,-0.7500182440018445,0.5677610219810422,-0.6908291747750755,-0.2677783703873498,-0.171958941780076,0.7903018836361824,-1.5444453951162418,-0.36085895650552524,1.1730822494331121,0.1420014417029469,1.190472609273228,-0.6351332311656646,0.7865794511677031,below_than_avg,0.0009716924760846378
ITH1,-0.5811360804009635,1.19886459594548,-1.0171120865133576,-0.9057994352443706,-0.3927951411131194,1.2767463038586648,0.8190046049841345,-1.1931540383865535,-0.4061177996533539,-0.22381404576873545,-0.9331241026763154,-0.5560133746538232,-0.5251567888460262,-0.8755144846484519,-0.6211715852085642,-0.14987002443153274,-0.3577095871332448,-0.9510011170226164,0.5936077806756918,-0.30178055302542844,0.638906066605174,1.1543769055045028,below_than_avg,0.005314994630559999
ITH2,1.1620902175512513,0.578401072197183,1.7715084505916754,-0.49529048189644587,-0.5482205185499357,2.3518221177820076,0.3138123993741695,-0.18894726625725003,-0.4583895367526196,-0.35244225460956197,0.1322098542286965,-0.5640657962127896,0.10970997668537574,-0.49798058588841937,-0.6672280060516336,-0.5240243921762111,-0.34478909740081215,-0.6156195328453962,-0.6996285536553506,-0.10057787945707038,0.048137108017208004,1.3178424407653038,higher_than_avg,0.009181830682495302
ITH3,-0.2693392071807004,0.27327395209827937,0.7521267756503006,-0.18136501309453104,-0.42999557393070426,0.3493863053968315,0.23362887156039777,-0.5449172098004222,-0.3159264290697856,-0.4082550091229272,-0.2267899955975796,-0.6141236333267768,-0.4393639826931341,-0.16841069085188012,-0.6154680036800105,-0.5750454423232122,-0.18828966551672147,-0.5038256714529894,-0.16591197123301563,0.06709101518322809,-0.03239992216845967,1.072644137874102,below_than_avg,0.0044130791269678445
ITH4,-0.532530047460738,0.1653627176873179,0.5251472569119349,0.6249689270928236,-0.2938961890613224,0.3780134460320322,0.07783037556285584,-0.44107506839853766,-0.008731104177745098,-0.570078608913525,-0.1568449610871459,-0.6200730169528174,-0.25061980915677146,0.5775151425120106,-0.615366154009858,-0.9151857766365556,-0.2868891527873483,-0.5485432160099522,-0.5764631884809657,-0.2011792162412494,-0.019710107843055075,0.9091786026133069,below_than_avg,0.0029356267865788548
ITH5,-0.4001357174145995,0.46296329191665747,0.5532505869677566,0.3595012435573954,-0.1960040353010645,0.36986803874792645,0.27024015968729403,-0.008149074046160472,0.1958231115961996,-0.4412399188825789,0.06357658742100633,-0.4962704944276771,-0.1648270030038793,0.3242117703673975,-0.47397844190382277,-0.4049752751665404,-0.2529728672397125,-0.5261844437314707,-0.4122427015817855,0.16769235196740712,0.10240650046427834,0.9500449864285042,higher_than_avg,0.006860032181041769
ITI1,-0.39922465689051384,0.16601845126327391,0.6476026369914576,0.6067365283440027,-0.33492324046608524,0.5049188050482957,0.12950445672228547,-0.12735726530357608,0.27818531964877524,-0.5507597144234276,-0.06833797649477029,-0.734550226538536,-0.3364126153096636,0.48780701022150746,-0.33723507475675263,-0.847157709773886,-0.28462806708417254,-0.3249554932251386,0.08041875911575426,0.503030141248004,-0.18729121137495675,0.9909113702437016,below_than_avg,0.002974092464431809
ITI2,-0.5658884265662741,-0.18902417359154944,1.0765805662728454,0.5918655607994203,-0.33695807220569746,0.6186916138867993,-0.03314626839771903,-0.28559150511271264,0.30145082443586046,-0.583635313980505,0.6334883696371472,-0.6863187118399844,-0.35357117654024195,0.3950933006741795,-0.3157651642885548,-0.898178759920887,-0.3308188178776193,0.032784863230562934,-0.02221904519623325,0.4527294728559147,-0.4225235417500266,1.1543769055045028,below_than_avg,0.0018134491734326248
ITI3,-0.56015237955511,-0.10471140023901779,0.7447777850283696,0.47678905320711656,-0.36936952907385345,0.46315197463885094,0.06690223247164935,-0.1604050099530607,-0.12880865775408298,-0.4779603737832459,0.39039399127994856,-0.6894455971876243,-0.679583839921232,0.32003735751069656,-0.28398806720089964,-1.0342348936462264,-0.2852740915707942,-0.14608531499728764,-0.30960489726979795,0.40242880446382506,-0.341207912289925,1.1135105216893053,below_than_avg,0.004678476232785429
ITI4,0.1335951285573719,0.3457457102670697,-0.08557564547938286,-0.24877634364804882,-0.47565336814084364,0.3264412756720456,0.1519233732868231,0.5298535366957842,0.46930207610894487,-0.4454704977518866,-0.47321276771892523,-0.5881123746826928,-0.4050468602319772,-0.23678757344464146,0.2643705569014582,-0.7791296429112188,-0.13903029841182193,0.23401381373689517,0.12147388084054947,0.9054354883847208,0.07937045806637502,0.8683122187981036,below_than_avg,0.0016347273137932831
LU00,0.0002454361081366659,4.0,-0.7495516595343281,-1.569655689511611,1.9586363471107004,4.0,4.0,3.8867394258148553,-0.7138940164688787,0.28395678840799327,-0.48690804970469953,-0.3443813468772761,1.0534308443671891,-1.507478847024407,-0.7227360762848775,0.5814316943421554,-0.2223674571860126,-0.025976207716189324,-0.6380458710681582,-0.013250330165248162,4.0,-0.02380093988770284,higher_than_avg,0.010102091013052062
LV00,-0.2432817492912187,-0.8965818125162177,1.0250127873937063,1.7856918287231278,-0.039700453525201344,0.2530254065846384,0.2806910581536243,0.23070335810969592,-0.4351161077244355,0.3203522469103739,1.165414693767836,-0.023751076761317238,-0.6109495949989183,1.8700385953323215,-0.14480030797016377,0.44537556061681843,-0.39162587268088056,-0.025976207716189324,-0.8433214796921331,-0.013250330165248162,-0.8307022036525531,-0.02380093988770284,below_than_avg,0.0006956111496979308
MT00,0.6106580774318591,-0.229391759123209,-0.6067029314215743,-1.427161268581917,2.6034564584707707,4.0,4.0,4.0,-0.1381523272544734,-0.2279071138958968,-0.888044502506713,-0.33223353565945396,0.14402709914653247,-1.143094348762982,-0.7012254259486186,2.7753368506632223,0.8720787762118618,-0.025976207716189324,1.1067968022356294,-0.013250330165248162,-0.31520153607494933,-0.02380093988770284,below_than_avg,0.002928693029438515
NL11,1.7471726855055552,0.818743813307577,-0.5634983893322171,-0.4582116512712668,-0.5355459550095005,-0.18904759727400045,-0.13958084529803913,2.020247601099565,0.9323104077659458,0.1843550946981397,-0.34009872354845955,0.0,1.6711390486680122,-0.3068342211800831,0.000814165447210134,-1.9185997628609177,-0.2158264592589686,-0.6379783051238774,-1.0691246491785058,-1.1065912472988613,0.5805654195750443,-0.15334737658188888,below_than_avg,0.000914884973697057
NL12,1.5170058356229696,0.1488190758593268,-0.32712079262356913,-0.35460477130445206,-0.5369996328985803,-0.03521367894805042,-0.20844439098703405,0.06130767470726062,-1.0273586517744253,0.6207023278885184,-0.19034602138627124,0.0,1.0705894055977674,-0.19846646342012708,0.000814165447210134,-0.6770875426172143,-0.26177495086993224,-0.928642344744135,-1.007541966591313,-1.2910270314031895,0.194281138198691,0.1327173101245102,below_than_avg,0.0011816166300232169
NL13,-0.5567932465100027,0.14313746770484387,-0.40670037097372363,-0.008847589709882503,-0.531848307165684,0.016967614837377545,-0.2664868013045468,-0.339198798300669,-0.6587278608219131,0.4782879783255583,-0.2843835840426661,0.0,1.362284946517601,0.18507858985355555,0.000814165447210134,-0.898178759920887,-0.26702389982373304,-0.9733598893010976,-0.9870144057289156,-1.1065912472988613,0.21831373143552524,0.09185092630931282,below_than_avg,0.0011971268954509178
NL21,0.5894569071902158,0.6253196497184784,-0.4671836459168061,-0.6212974380627856,-0.5755582357619617,-0.11823490452922968,0.023625077929258213,0.3369196397280363,-0.8455266967716204,0.717595495660102,-0.5686252644749131,0.0,1.2250164566729735,-0.5507034202685522,0.000814165447210134,0.1902703098818108,-0.13749599025609557,-1.0180774338580605,-0.9254317231417232,-1.2574932524751297,0.6895814281517558,0.09185092630931282,below_than_avg,0.00290862228859796
NL22,0.0685920883649708,0.6277256752967715,-0.5593707918112565,-0.5635416841831299,-0.5284015462518844,-0.12879110805572347,-0.029215050672879387,0.42075587432738604,-0.18044524289301372,0.5043697491181361,-0.6955510845508988,0.0,1.276492140364709,-0.5092097564729446,0.000814165447210134,-0.08184195756886307,-0.08024207012925329,-1.0180774338580605,-1.0691246491785058,-1.3245608103312492,0.6456018234692088,0.17358369393970757,below_than_avg,0.0034492644126039333
NL23,2.645723934999053,0.3450549629442568,-0.4707715037666314,-2.00778729622911,-0.6041047961142315,1.1194209607921513,-0.3773155297470517,0.020518562990998804,-1.7484201482522899,1.1161571218720565,-0.48658206156361355,0.0,1.3451263852870223,-1.854372555416255,0.000814165447210134,0.4793895940481533,-0.17981059412981254,-0.928642344744135,-0.4738253841689781,-1.123358136762891,0.14646706307307905,0.2961828453853113,below_than_avg,0.0028485583458031636
NL31,0.4496060116743606,1.8272471423285417,-0.8325710545105841,-1.3055192680840957,-0.5807172726703353,-0.009533916756857792,0.36898061531998727,0.9051363837989498,1.209748598094821,0.7633876821058851,-0.8289337804845794,0.0,2.0657859569713164,-1.1932707913005274,0.000814165447210134,1.0406211456651697,0.3387048094448759,-1.0180774338580605,-1.0896522100409032,-1.425162147115428,1.6942538180902709,0.4187819968309093,below_than_avg,0.003848454137296652
NL32,1.5095975217812145,2.1049939507280335,-0.7471584574052702,-1.056239361603516,-0.6494896583320663,-0.3839315664002894,0.4031034645906187,0.6011039834627863,0.5563833817775821,0.39467152852959697,-0.8383226331877172,0.0,1.774090416051483,-0.9346241706993371,0.000814165447210134,0.9896000955181686,0.4247875722872086,-0.928642344744135,-0.802266357967338,-1.1065912472988613,1.73286235324183,0.2961828453853113,below_than_avg,0.0038367412425721306
NL33,-0.5397102744915151,1.047480206482244,-0.6870718528797253,-0.9158269037494993,-0.5787794025888543,-0.3868101951072843,0.020681773701335997,0.6748066224107163,-0.19799936716082353,0.5945261873511596,-0.859876052527418,0.0,1.6711390486680122,-0.8078472522413296,0.000814165447210134,-0.5920524590388784,0.627477754964746,-0.8168484833517282,-0.8843766014169282,-1.3245608103312492,1.0102069755562666,0.21445007775491076,below_than_avg,0.0046665610839305306
NL34,2.9789774299445333,0.518316767740299,-0.3204004822851717,-0.07830037443625223,-0.5713926906678156,-0.006800725575463446,-0.1387868743399956,-0.4304318284541348,-1.4866344115403138,0.3477781807923534,-0.253859629168412,0.0,1.293650701595287,-0.03912912467985197,0.000814165447210134,-0.4389893085978752,-0.24433228973114815,-1.2193063843643928,-0.802266357967338,-1.458695926043488,0.3726634816507521,0.3779156130157061,below_than_avg,0.0025815670894526036
NL41,-0.36404812355841276,1.1500617552330317,-0.5092085292747351,-0.6581802625932713,-0.5544479348404351,0.027008437462707615,0.2063958677043275,0.35476597524423514,-0.8538146344760427,0.38224782000570523,-0.7277381826305462,0.0,1.2593335791341302,-0.5522896971540985,0.000814165447210134,0.2072773265974794,-0.00029653990982621324,-1.0180774338580605,-0.6791009927929531,-1.3916283681873685,1.0595264184087645,0.2553164615701081,below_than_avg,0.004517441781069118
NL42,-0.55381963117292,0.748642233546964,-0.47169324589300965,0.1350419962702969,-0.49562682184057955,-0.07427266584451828,0.020989181884673826,0.2590362807975695,-0.2893480705057519,-0.0744526982154939,-0.7462197812831309,0.0,0.881845232061405,0.07512455520805224,0.000814165447210134,-0.13286300771586412,0.002045298854177281,-1.0180774338580605,-0.7817387971049407,-1.2742601419391597,0.713255236493181,0.050984542494109636,below_than_avg,0.0046518039278518365
PT11,-0.2760074533893681,-0.7817985122936412,0.7847401012055063,-0.2894977200430351,-0.49507401447241317,-1.7464378880702078,0.41867890896634424,-0.17704030321899414,0.8712710884468573,-0.031085164869707173,-0.5475428846644866,-0.5999004557277777,-0.30209549284850656,-0.20815110124767297,0.000814165447210134,0.5134036274794881,-0.27929836506954403,-0.28023794866817586,-0.16591197123301563,-0.6203514528419956,-0.7648017720686989,0.2961828453853113,below_than_avg,0.00551807968924896
PT15,1.1535154520548998,-0.42306867864644476,0.22990503893762862,0.538418996605533,3.2322103036771384,-1.7464378880702078,0.8292754900114361,-0.7797791466129006,0.15125328375478309,0.5480691245578367,-0.48459949164821753,-0.7566874679377563,-0.13050988054272228,0.7204887828540179,0.000814165447210134,1.1256562292435055,-0.3442238259750182,0.0551436355090446,1.7636787498323492,0.10062479411128797,-0.689459435960453,-0.3985456794730847,below_than_avg,0.0022695857264727216
PT16,-0.5864541407443526,-0.7594429506737934,1.048706697980188,0.9686570447712923,-0.1760237513577889,-1.7464378880702078,0.3041518829140297,-0.10917880003107601,0.6708570638768027,-0.1686204386049865,-0.3965634709869689,-0.6458352316311601,0.04107573176306198,1.0205455789936808,0.000814165447210134,0.1902703098818108,-0.3520568728753055,-0.5485432160099522,-1.0896522100409032,-0.570050784449906,-0.8106123543479609,0.1327173101245102,below_than_avg,0.0020858843134734595
PT17,0.33075987960828523,-0.18427368333620162,-0.8347953632580856,-0.24620809092750925,-0.3655287476221486,-1.7464378880702078,0.6800979272102945,0.4206374976363194,1.6363477400703195,0.48174725965762166,-0.8777475732514276,-0.45791772370352773,0.4014055176052089,-0.12954690715599415,0.000814165447210134,0.17326329316614458,0.40435704789779936,-0.07900899816184362,-0.8843766014169282,-0.6203514528419956,-0.21073583994567774,0.21445007775491076,higher_than_avg,0.009936883397735179
PT18,-0.5866272842340772,-0.6944428986029928,2.015952262579583,1.9124019642985663,1.6274229034742929,-1.7464378880702078,0.30818878472544436,-0.6550409841548588,-0.5474073251049727,0.04342122530766296,4.0,-0.9309905724048679,0.023917170532483614,1.83935666083557,0.000814165447210134,-0.9832138434992229,-0.3976823522429584,-0.4814668991745079,0.2856943677397293,-0.7712534580182643,-0.8142947254800121,-0.3985456794730847,below_than_avg,0.0012220427558838308
PT20,0.39666146005908165,-0.7353851764543266,1.1231601580019899,-0.473170106019209,4.0,-1.7464378880702078,0.33806384890306773,-1.1067690183312915,-0.26306446399439704,0.5803397720544602,0.10822680601757675,0.1667122139272252,-0.7482180848435458,-0.38731690105727706,0.000814165447210134,-0.030820907421862026,-0.33098032399927474,-0.4367493546175454,3.221135571062572,0.838367930528601,-0.7675858491943779,-1.1750069719618814,below_than_avg,0.0007701939076426301
PT30,0.5205892531281153,-0.6349349711032198,1.353346404216681,0.04310864763961977,4.0,-1.7464378880702078,0.46831080966993793,-1.049567938742954,0.2976231657478192,0.32639926403385683,-0.8890170022054312,0.5098394556151417,-0.3878882990013987,0.15982339207051507,0.000814165447210134,0.020200142725139023,-0.15921856361874798,-0.03429145360488088,2.441088258291467,0.653932146424273,-0.7196708420496528,-1.1750069719618814,below_than_avg,0.0005270320230950152
RO11,-0.4880111068643335,-1.2515925402496637,3.0146206227425925,0.8480850814531454,0.40623124096354046,-0.5580515039095466,0.28755396837838626,-0.05876542812117557,-0.3867956430383923,-0.4158143841275107,0.5592704487708817,0.5021744357806617,-1.6233047076030456,0.8977343527495397,0.2467709338990646,3.489631552721242,-0.35544850143006906,-0.9510011170226164,0.7373007067124745,-0.016743432136921147,-1.2875407168373978,-2.44186487023307,below_than_avg,0.0023097797818898975
RO12,-0.5559541710925435,-1.1821811780406581,2.184346413696293,0.9142446135847465,0.5491412796587029,-0.5862259349247476,-0.09854026365036396,-0.5645128708432406,-0.47653770700035075,-0.2538906909276376,0.6270858696056387,0.4902479969768318,-1.6233047076030456,0.8627945171389524,0.2467709338990646,2.010021098458199,-0.36093970956635296,-0.21316163183273185,2.133174845355504,2.0288170824747205,-1.270255842496756,-2.44186487023307,below_than_avg,0.003720798021103962
RO21,-0.5559541710925435,-1.2873444938638579,2.184346413696293,0.9142446135847465,0.9334840059341568,-0.5862259349247476,-0.09854026365036396,-0.5645128708432406,-0.47653770700035075,-0.2538906909276376,0.6270858696056387,0.31453364337051976,-1.640463268833624,0.8627945171389524,0.0524213933136041,2.010021098458199,-0.3453543688266061,-0.21316163183273185,2.133174845355504,2.0288170824747205,-1.270255842496756,-2.89139509220027,below_than_avg,0.0050677675125473795
RO22,-0.5861710512757332,-1.3133572599968708,2.863101960517447,1.9461489825433267,0.191263646106999,-0.6532722423731078,-0.04877730492554122,-0.8915694537669787,-1.1214005699714005,-0.3562506621463428,0.9436343941843041,0.19894957171483987,-1.640463268833624,1.7777840711992312,-0.036167449785250085,0.836536945077163,-0.358759376924005,-0.14608531499728764,1.9073716758691324,1.2910739460574068,-1.376663444139021,-2.9731278598306647,below_than_avg,0.004215218453065309
RO31,-0.49773015143074384,-1.3532204422759313,3.5525883027729557,1.9791397738450316,0.2824356999447428,-0.7279905432033846,-0.07596787014856873,-1.2653838817575822,-1.507248555642514,-0.5060906425721098,0.7209402144119684,-0.09550341044654058,-1.365926289144369,1.8186098289377663,0.24693389337130883,-0.9321927933522219,-0.3464849116781939,-0.4814668991745079,1.168379484822822,0.9222023778487503,-1.4143124267514515,-2.52359763786347,below_than_avg,0.0049914247584594345
RO32,-0.054077957206027975,-0.21494591778407068,-0.7687929917577774,0.31911464418975777,0.2927079980131864,0.1756636187943588,0.7551021265597908,1.4758678096429538,1.4190960497578744,-0.46747839624924725,-0.8637372175899976,1.3142237934075642,-1.6061461463724669,0.4198058247858494,0.5521977247531044,4.0,0.6514614140305742,-0.7497721665162842,-0.9459592840041207,-0.15087854784915974,-0.5038076231487921,-1.8288691130050743,below_than_avg,0.0044741563530091705
RO41,-0.5643283852730608,-1.3554453587327255,4.0,1.6571615958346213,0.7344736802078458,-0.6555433491964877,0.18582594644136344,-0.9447479778341678,-0.5307422814904101,-0.6436503821506597,0.8236831329918382,0.34184546494680795,-1.6061461463724669,1.4902505136296702,0.30162716624333086,0.49639661076381947,-0.36198949935711316,-0.6826958496808402,0.01883607652856197,0.21799302035949678,-1.4033751998283783,-2.237532951157071,below_than_avg,0.003022389446448378
RO42,-0.5111631756835456,-1.1723119027734983,2.112941139342476,1.2174200842200693,0.4019046888056587,-0.5197450181442804,0.03756863393276235,-0.27221544724623664,0.13718989677357382,-0.6704102856225999,1.050738733659649,0.5528687185848765,-1.486036217758418,1.0935143157288132,0.4488406794821027,3.2345263019862363,-0.371033842169816,-0.7721309387947657,-0.9664868448665183,0.18445924143143722,-1.2206922890044427,-2.482731254048273,below_than_avg,0.0029732201323187392
SI03,-0.45538668339617333,-0.689575499061593,1.5528493412725428,0.09130314153521438,-0.16019613301223706,0.0025389828314167167,-0.06476011167660639,-0.7405094700619607,-0.770594685975913,0.19767297926152416,-0.2693377016500572,-0.4843717271755961,-0.4393639826931341,-0.004314521454966491,0.000814165447210134,1.2276983295375101,-0.3441430729141905,-0.5709019882884334,-1.4796758664264558,-0.4526825582016971,-0.5419516847590732,-0.3985456794730847,below_than_avg,0.0006518110711519511
SI04,-0.4416217803989177,-0.13971290146515658,0.07322041084660731,-0.6653968617381291,-0.216023896894289,0.01865861981704341,0.4336409416580677,0.6542800337685684,-0.1017813667854297,0.44851504367030276,-0.6263968758241925,-0.09165706475342608,-0.14766844177330066,-0.6480507280868177,0.000814165447210134,1.601852697282186,-0.3135376628604906,-0.8168484833517282,-1.5002034272888531,-1.0730574683708014,0.0795672430247884,0.45964838064610664,below_than_avg,0.0004960591414963514
SK01,-0.29960974865272955,0.6409846237655885,-0.8342574918052494,-0.6041872765042581,1.7654613166103867,0.3995935678314751,1.4354956654234452,1.7106357455240013,1.5900411344246828,-0.5228390708725755,-0.6827301664283195,0.45455169522058864,-0.9369622583799084,-0.35621752527485534,0.000814165447210134,0.03720715944080765,-0.15049723304935592,-1.0404362061365418,-0.7133135942302824,-0.7209527896261746,0.32748249657481,-0.9706750528858828,below_than_avg,0.0011409933213061088
SK02,-0.5213954033422803,-0.9036157669456669,-0.44361302476919234,-0.010666759522736876,0.0052025375489705246,-0.23357152436074524,0.0687909812292511,-0.802203073220514,-0.7567672692768689,-0.9218163404603194,0.02240643838465675,-0.2193889476269278,-1.400243411605526,0.15443839948537005,0.000814165447210134,0.37734749375415116,-0.3166870322327711,-0.7497721665162842,-1.4796758664264558,-0.7544865685542343,-0.9731140850077786,-1.5019380424834778,below_than_avg,0.0005318588961899164
SK03,-0.4975000044299021,-1.018500039841206,-0.5176195979600567,-0.06340539893555744,0.37723372220521395,-0.435150149321761,-0.07872922303793434,-0.8320791746910524,-0.41340576457947503,-0.7705071545616163,-0.19032300991378145,0.09097517679014236,-1.1943406768385847,-0.08559033977493338,0.000814165447210134,0.598438711057824,-0.3492305157463359,-0.3025967209466571,-0.802266357967338,-0.3353143319534883,-1.0238021438610954,-1.8288691130050743,below_than_avg,0.0004376171186840068
SK04,-0.5582202163732307,-1.146287421416162,-0.6698696789844782,-0.6886450997433378,0.12822411499636782,-0.6053716426316429,-0.4792847585880718,-0.8114879684212386,-0.3095960786051467,-0.45183628682019594,-0.2260251580915176,0.21948186311261703,-1.280133482991477,-0.6751009233982399,0.000814165447210134,0.5304106441951543,-0.3321108668508626,0.5470366256356342,0.1420014417029469,0.5365639201760639,-1.181934075902743,-1.665403577744279,below_than_avg,0.0004779738822292014
