NUTS,air passengers per100k,GDP per100k,farm labour force per100k,deaths per100k,hosp discharges resp diseases per100k,stock of vehicles per100k,thousand hours worked per100k,students tertiary ed per100k,health personnel per100k,students enrolled per100k,utilised agricultural area per100k,hospital beds,longterm care beds,crude death rate,pop density,NEET rate,unemployment rate,compensation of employees per100k,pct leavers from education,education and training,life expectancy,regional GWA,covid_severity,covid_density_by100k,Covid_Cases
AT11,2048.605922283054,3149.2786208208236,2095.531796383594,1152.3726718200219,1293.9993750764174,86547.84061731581,68999.7147087992,2292.5185778912905,433.7105516988412,3579.0460405656913,61802.90453613009,587.21,136.83,1120.95,77.8,7.775,4.2,1462.1174041217785,8.15,9.3,81.9,107.5,higher_than_avg,3894.2248909780055,11466
AT12,1878.2428410359994,3663.641647771431,1820.3548445128413,1035.987334700084,1261.483345771831,81871.08254115836,70017.16453312292,1968.3106263956204,470.1692763762946,3886.0954219797454,53960.51860520208,671.36,179.09,1036.91,88.9,7.0,4.2,1689.20142469781,7.7,9.3,81.7,108.0,higher_than_avg,3903.788368609388,65751
AT13,315.60599298203755,5250.5123768372705,110.40236166871861,845.0228156160216,1535.9009120490837,41839.669609159944,86993.39835735936,10070.735996559213,684.2853487694323,3812.8057321324764,419.6336211294423,751.91,191.88,857.68,4808.9,9.9,10.6,2544.225040825328,10.6,16.5,81.1,108.4,higher_than_avg,4249.182839391772,81210
AT21,37.41361463620604,3831.430286855528,1341.5453248125311,1074.4833803378983,1933.9275565524601,78155.97201461624,78039.45532903493,2766.2914021731963,484.9517097131088,3664.0399933724457,39255.78975686495,803.93,98.88,1081.98,59.9,7.9,4.7,1799.2385438621184,8.15,10.1,82.2,109.3,higher_than_avg,4917.217923615652,27600
AT22,83.03948587727004,4078.19351008308,1720.160944162966,1018.2165364912407,1950.425025774333,75984.01790764566,82089.546251389,4977.154112460335,520.6214723261887,3609.6903469606345,30101.211895105484,801.3,85.65,1003.76,76.6,7.6,4.4,1965.9096835272928,5.7,11.3,82.2,109.6,higher_than_avg,4152.054525250824,51751
AT31,28.853657603710445,4588.394522099554,1607.7526422904707,915.3990628600417,1856.498011446179,78807.39109925054,82306.73585281683,2661.984769294877,425.35659430214076,4089.3685007975014,34714.97618902232,676.7,116.7,905.04,126.8,7.5,3.9,2155.502426055792,7.5,10.6,82.3,109.9,higher_than_avg,5385.367437909277,80257
AT32,309.808205440447,5345.856986801812,1262.5132071417058,847.2269479414767,1592.9155996490033,68588.49232642681,93972.17098547662,4805.966941852761,579.5025160724199,3751.3654841424755,31946.061137873603,869.23,103.59,814.77,78.9,8.3,3.0,2280.2242080191977,9.6,10.6,82.8,109.6,higher_than_avg,6317.222112784514,35276
AT33,151.9203203657703,4802.085175691694,1249.9439043126365,823.2207107917543,2046.5026648751245,66612.37484062226,87885.44336711394,5546.873556360987,587.6188238648213,3836.5490461093354,34186.691727140016,665.33,122.55,797.82,60.4,6.9,3.0,2089.663346681907,7.8,11.0,83.0,109.1,higher_than_avg,5621.975782501841,42594
AT34,1518.821705582512,4825.209813188833,700.006798627181,771.0146825167006,1270.0842777969426,64002.27628110057,78488.89179858941,1153.7522127013465,431.0833234711272,4202.30700082339,19585.08230115904,529.42,159.38,763.32,156.3,7.1,3.6,2108.581630109357,8.15,10.5,83.3,107.4,higher_than_avg,5497.823180297075,21834
BE10,1446.2580229596424,7083.007183471151,0.0,730.3631625583228,1351.110544367825,46599.1315749033,88581.43610568889,9461.942643399674,389.0910636572598,8226.415032647683,0.0,706.21,437.825,711.34,7526.7,11.3,12.3,3556.1206640051532,9.7,10.3,81.61428571428573,102.8,higher_than_avg,6837.539767395477,83648
BE2,407.0188228507133,1305.179917773823,606.1149223415256,940.3065670232211,1411.9585690928081,63378.86475458295,68050.36296854724,3721.0244607437407,295.646712120265,6863.227245649009,9236.17319161531,2688.0199999999995,437.825,711.34,7526.7,11.3,12.3,655.2834347918099,9.7,10.3,81.61428571428573,102.8,higher_than_avg,4408.250935192849,292664
BE3,228.52015712263506,2367.4666420405506,449.17161443043045,1022.4118603163708,1371.3941614793812,58056.496718233066,54816.819127279225,4079.2651290097924,326.633007938917,7166.035850124219,18922.310523484382,2336.1299999999997,437.825,711.34,7526.7,11.3,12.3,1188.6190185928087,9.7,10.3,81.61428571428573,102.8,higher_than_avg,7786.2423980299845,284982
BG31,549.5609692232124,540.9039534056529,5268.094655410852,2074.6899363736115,4234.526345279933,45295.72605907792,67352.76595569361,660.4344942093533,453.0616336861418,3596.0651343048276,128649.45334591305,792.68,1918.75,1998.32,39.0,27.0,13.0,206.7493686114396,20.0,0.8,73.7,115.8,below_than_avg,2672.9125724260016,19463
BG33,223.7071155946241,682.0353130710262,3850.2708488760586,1457.7183820428818,2172.3052969606542,44749.74861331863,77098.08837998853,3429.454950425465,398.6506211683804,3639.8628996507614,88902.22409635948,536.38,2631.13,1437.45,63.7,14.5,6.1,268.0095581000573,12.5,1.4,75.0,110.1,below_than_avg,2888.189691524214,26712
BG34,279.070221605972,665.8090155890695,4561.987667400634,1545.8224906382584,2752.2299741728225,43493.84590597736,76399.41412829614,1268.0216577239862,343.2231731787934,4148.166953906543,82525.88820591438,670.17,1705.24,1517.16,52.5,21.6,4.6,274.04930110387994,24.4,0.7,74.5,109.3,below_than_avg,3252.2714734185124,33307
BG41,337.9714075616208,1477.905799661933,2659.1731685655077,1372.2746936865526,2775.1568573147556,55422.05838816575,102216.70709463008,5401.573825599496,445.69442189603967,3734.8753258907677,26475.70024734274,739.34,3452.36,1343.42,103.7,6.5,3.6,604.8971951906641,5.2,2.7,76.0,118.4,higher_than_avg,4023.091688711048,84254
CY00,1268.1234902956628,2509.769652197904,1863.7282447733967,702.5861340870829,3626.890805582537,78132.55555993492,89879.79346963138,5654.360054278974,424.32193512423913,6584.760220944702,12311.867613358032,311.47,437.825,669.03,95.7,14.4,7.6,1116.0320043242998,11.5,4.7,81.61428571428573,121.4,higher_than_avg,3587.1419642907417,31854
DE1,130.41879414370337,697.0648168984912,604.8433956488392,1005.2075629027222,333.6718398363958,13164.297741743821,16620.026430293074,760.731159302118,81.45680518898224,1193.3049062806906,12814.500097924452,552.8486915887851,437.825,1263.148888888889,1070.8555555555554,7.558333333333334,4.375,353.96177028591154,12.322222222222221,7.077777777777778,81.61428571428573,106.01111111111112,below_than_avg,2439.300803196715,270772
DE2,409.13581735009245,589.5504124091104,1040.5541840571739,1023.3576489951761,282.2067130860519,11133.852942475469,14056.574365388555,643.3969378838048,68.89300955736846,1009.2510518000277,23895.564535883652,552.8486915887851,437.825,1263.148888888889,1070.8555555555554,7.558333333333334,4.375,299.3671500702156,12.322222222222221,7.077777777777778,81.61428571428573,106.01111111111112,below_than_avg,2842.5407686264493,373076
DE3,660.1188012179346,4215.097679759945,86.66052049180662,946.6980570329781,1451.2639491417203,36213.087864229674,77803.35201803192,2301.2498453682742,246.41091409651838,3609.807088189817,728.7114207392797,552.8486915887851,437.825,989.21,4322.9,10.0,6.1,2182.2408066949884,10.6,10.3,81.61428571428573,115.5,below_than_avg,3164.199067391091,116110
DE4,452.19999421069804,2967.5366877183133,902.4966562816106,1269.958717518943,1505.8132918406927,64614.71600896628,64376.75983874018,3348.4432512918966,358.5412353255857,5252.464962569285,52096.18330357394,552.8486915887851,437.825,1303.24,86.7,6.4,3.9,1451.6658716289708,10.8,4.9,81.61428571428573,105.9,below_than_avg,2809.7147658524764,70858
DE5,338.37246514249813,4958.799298886381,42.57180689428393,1130.9420700467704,2297.262779616032,46521.29617940053,86436.03512614468,12396.345865587997,1327.3634422373207,19445.266781143833,1240.4543732989628,552.8486915887851,437.825,1182.98,1744.5,9.3,5.1,2697.593371716466,16.0,9.4,81.61428571428573,104.0,below_than_avg,2269.9581034700427,15463
DE6,935.1182539695428,6716.762674089581,102.3140847517909,945.9451412448647,1793.6904149025609,46993.56287417046,97923.94436495705,4571.336788371856,489.48499830772903,7170.731146111952,781.7012612782331,552.8486915887851,437.825,989.61,2597.5,8.3,4.7,3217.0812552476564,13.2,10.0,81.61428571428573,108.1,below_than_avg,2379.046075442833,43947
DE7,1120.1511431152276,1230.5336622802367,384.8551545145736,1060.2441444765334,589.0333597678289,40473.4195493696,51728.3177058816,1342.9243260789103,143.79629896231398,2106.5499519485666,12275.448149514637,552.8486915887851,437.825,1263.148888888889,1070.8555555555554,7.6,4.0,624.8513236331457,12.322222222222221,7.077777777777778,81.61428571428573,106.01111111111112,below_than_avg,2698.248113891681,169668
DE8,7.835148476063621,2904.674225719434,1065.2070904362686,1349.5110494248627,2577.452930034611,61345.8546468027,67644.94091924946,5251.051586574209,562.2668151482941,8236.951444371527,83385.87857509742,552.8486915887851,437.825,1362.96,71.3,6.8,4.6,1503.9691867240251,11.5,5.2,81.61428571428573,106.6,below_than_avg,1382.7793385891011,22237
DE9,78.65034162295674,967.9851840509455,917.3579690172448,1179.1421345655178,463.35633282103515,13699.195657330207,14300.213370483018,1056.3960099532371,113.11570839837871,1657.0933453139983,32412.147305697254,552.8486915887851,437.825,1263.148888888889,1070.8555555555554,6.0,4.4,491.53212305521004,12.322222222222221,7.077777777777778,81.61428571428573,106.01111111111112,below_than_avg,1778.9713981471195,142204
DEA,242.03747198521708,431.1360578393229,334.31359651725467,1150.4789515881039,206.3767359241238,17064.614070334344,21319.556938648053,470.513824749262,50.381205623920685,738.0615986089847,8151.8470185439855,552.8486915887851,437.825,1263.148888888889,1070.8555555555554,8.9,5.1,218.92610065430804,12.322222222222221,7.077777777777778,81.61428571428573,106.01111111111112,below_than_avg,2579.7252956321204,462989
DEB,39.00922909018606,1890.0531134008577,901.8288904255915,1163.1687414186413,904.7329379540475,26452.94722420145,25160.63521778606,2062.680917532798,220.86567062750322,3235.5809656087945,17268.36224502632,552.8486915887851,437.825,1263.148888888889,1070.8555555555554,5.3,2.2,959.7479742707903,12.322222222222221,7.077777777777778,81.61428571428573,106.01111111111112,below_than_avg,2225.8954352362525,91126
DEC,34.75575217831423,3686.597351064509,182.3917023934858,1373.5108477464998,1721.6763418709538,148070.5406664255,186940.1883565866,8556.618535182119,916.2169849019668,13422.159398035174,7895.534139166896,552.8486915887851,437.825,1398.5,385.5,7.558333333333334,4.375,2012.8758409017448,11.7,5.3,81.61428571428573,100.6,below_than_avg,2534.9406770987966,25017
DED,103.0704786453538,1900.2331085145527,563.3635406538996,1349.371103084968,909.6059104764962,35886.52563259087,45307.012664546644,2073.7907014392476,222.05527288356114,3253.0080940774724,22265.384502983936,552.8486915887851,437.825,1263.148888888889,1070.8555555555554,7.558333333333334,4.375,964.9172626993441,12.322222222222221,7.077777777777778,81.61428571428573,106.01111111111112,higher_than_avg,4523.65697103442,184202
DEE,759.638087062861,2903.482897162452,734.4693003678725,1471.626794825181,2026.9439060462496,62703.08395093453,66161.87849180464,3847.4962872532556,411.9783338750488,6035.293993594234,53434.919732347,552.8486915887851,437.825,1511.31,108.7,7.1,4.8,1501.0124012316485,12.7,5.2,81.61428571428573,102.5,below_than_avg,2552.508631836784,56022
DEF,4.476933975210872,3383.9112079353313,878.8565772875496,1203.95085979517,1716.7664276787477,64636.59521594836,67528.07468076878,2908.0839295393525,311.3888832146822,4561.704589803935,34109.071198058526,552.8486915887851,437.825,1241.54,188.2,9.3,3.4,1654.009111593778,14.8,7.4,81.61428571428573,107.6,below_than_avg,1272.3101978012744,36945
DEG,7.0311027862854125,2997.4416160661635,747.1718560892631,1368.5338463225926,1901.2101934115753,64070.12728171004,70757.17477165323,3958.236935193986,423.83610948408926,6209.004977949871,36593.140081129546,552.8486915887851,437.825,1388.99,132.4,5.7,4.2,1598.7204330409334,9.6,6.0,81.61428571428573,103.3,below_than_avg,3263.650417319387,69626
DK01,1632.428198348558,6876.0920096878535,143.5518409033907,829.9463224456034,1554.3684992007143,49250.469793713295,82727.13828592602,6972.394168436688,485.42190427746567,7755.26632116718,5334.711431006006,297.59,437.825,844.13,756.0,7.1,6.1,3508.02671472674,7.9,22.7,81.5,114.3,below_than_avg,0.0,0
DK02,0.7165385455939448,3691.322359943584,944.6366492746839,1081.4955114831273,1453.2595935554523,53787.085348100394,54542.31697515641,2883.112261288169,366.50946607130277,7979.253820643236,56134.82389273896,275.73,437.825,1094.17,118.3,8.0,5.3,1886.1109751014799,11.9,18.9,80.8,107.8,below_than_avg,0.0,0
DK03,314.52737091255455,4796.371529835951,1396.4459306437304,994.4362912423708,1318.3659620392364,55249.4675436696,67873.97647789847,4277.310615196569,398.90279248306564,8017.2184726577025,63248.86252611183,252.61,437.825,1016.24,102.0,7.9,5.1,2455.1064708262984,10.1,18.5,81.5,107.5,below_than_avg,0.0,0
DK04,46.14201486798257,4953.7109640062135,1202.557413634513,857.0200702685585,1280.968680730431,54320.91318967988,69738.07620971998,5369.890073435167,397.63559871526155,8166.684258938131,59689.82312227634,216.92,437.825,886.77,103.7,7.1,5.5,2556.4832546707485,9.6,18.9,82.0,116.5,below_than_avg,0.0,0
DK05,244.60280437199967,4502.086667028288,1623.9049659624093,1025.7044831981775,1310.9896666757072,55898.09742073717,67031.50850261723,5453.811938922188,355.8013072604486,7715.752217189662,82300.45293048737,225.31,437.825,1048.94,76.4,7.7,5.8,2344.137330151067,8.4,17.9,81.3,107.0,below_than_avg,0.0,0
EE00,245.15115397117782,2115.3421882712705,1659.9246337029413,1158.8621615439256,2423.442688063081,102553.9493499539,88942.7649558758,3422.4846799340244,346.3568943306726,6743.387389990489,72048.70516849062,453.01,116.11,1183.46,30.5,8.9,6.8,1037.2723058956672,7.5,17.1,81.61428571428573,120.0,higher_than_avg,4125.4319114867385,54826
ES11,194.1839537747466,2384.0035787865872,2845.416548261817,1156.9633892204224,1697.4445273278395,69297.17841242778,69242.42726982097,3682.98285497774,474.76644643364597,5153.423084209529,24255.23349436393,329.67,122.28,1199.91,92.0,9.2,12.0,1030.2998010798522,12.0,11.6,84.0,109.6,higher_than_avg,3622.670384578952,97906
ES12,137.89394238290546,2332.431379361448,1986.4579315516062,1265.3854798169396,1706.4498051327953,61745.07973803095,67170.83832646809,3434.9822700777995,398.96005394057704,4935.425395451365,33007.19698419569,345.79,71.78,1291.62,96.6,12.1,14.1,1068.9381381275277,8.9,11.1,83.2,106.8,higher_than_avg,3850.7251454756556,39235
ES13,201.0687033386677,2436.07526253975,1511.0201446458375,1032.473196563116,1251.2277038675247,64862.94360460724,66993.61937402555,4040.4335254160455,515.1205038565355,5849.708441794817,38282.03877827153,328.34,103.56,1048.38,110.5,10.5,12.1,1082.5085681710475,9.1,11.9,83.9,109.7,higher_than_avg,3596.056237422474,20943
ES21,290.20555122609903,3402.984188296946,606.6314686419952,985.1366154166617,1504.4734502804301,56004.09841681977,79246.72633703312,4075.759499857935,561.864989781366,6361.864807061045,8553.595068013072,325.71,107.94,1000.89,303.7,8.2,9.5,1557.6404959394977,6.5,13.1,84.5,109.5,higher_than_avg,5697.585076865871,124728
ES22,36.557000741802476,3194.70258595084,1724.2718683216835,848.1224172098173,1237.6067959464378,64669.18199141215,78383.35803469564,4172.524672167479,537.6925525773447,6699.8319901174245,83302.74223201815,335.41,96.2,899.51,63.1,9.9,10.1,1450.2619156782314,10.8,13.6,85.0,111.1,higher_than_avg,6449.111893363228,42339
ES23,5959.732617926971,2806.492556919074,2623.99068150957,996.1035795790854,1647.8281650107142,61711.57626190529,76087.91160095084,10987.20923239568,348.1772918770238,6404.246496861657,68318.715162488,323.43,97.33,1023.22,62.6,9.1,10.8,1155.220601966885,14.6,10.5,84.2,106.3,higher_than_avg,7126.87263991188,22516
ES24,25.933356535544107,2859.7381257173956,2966.1746344712187,1023.8038145336543,1410.4739189360857,59608.53410386723,78610.90418714714,3962.9175552286533,501.00238060696086,6163.9454181772535,170009.313457608,362.29,86.34,1070.73,27.9,11.8,11.7,1279.2210672064816,14.2,10.9,84.4,109.9,higher_than_avg,6160.562806455227,81956
ES30,885.5253867309475,3559.023267588232,84.77756560331095,699.044384909119,1386.794975239615,68561.05496491217,87188.95970812804,6060.484346682144,515.7795949292345,6583.037254108007,4507.884017176053,273.1,122.6,706.52,839.7,9.9,12.5,1742.9644995426163,10.0,12.4,85.8,114.1,higher_than_avg,7019.938142019615,473640
ES41,10.077845106852227,2490.0951856634742,2805.139034700686,1195.9736926598723,1629.4459642186528,69246.41455673931,70849.00431306784,4559.641895018004,466.4126661022518,5344.672713651357,220533.23460931898,349.97,87.57,1214.06,25.6,11.7,12.1,1070.4337262998858,15.4,10.4,84.7,108.0,higher_than_avg,7460.478814245743,179149
ES42,920.4666734362847,2093.331195363212,3683.5986730245204,951.673727508538,1292.3149425534598,70221.1723572196,61893.44304770248,2595.384917728889,281.8307412075164,6569.858336665764,197785.5387831365,233.41,44.91,962.47,25.8,12.4,17.7,874.8632399829092,18.7,9.1,83.9,110.6,higher_than_avg,7127.800097186386,145803
ES43,1772.976947486048,1947.01778472079,5185.601598525018,1060.3787833846054,1409.4440662197653,72113.94952254236,62319.43381177971,3072.0004821187613,307.44487414534564,6054.2628432388965,234630.8166169011,335.24,84.51,1072.25,26.0,16.6,21.8,829.2254366611769,18.4,10.3,83.1,108.7,higher_than_avg,6084.583593460888,64617
ES51,714.7218082606803,3094.663232775091,732.454927559489,843.4927423582931,1608.2253446915902,57880.57469419844,80382.89032333605,4953.512307595002,486.88324158807205,6775.4237000199155,14704.898418106444,384.0,115.07,884.26,238.1,17.0,12.6,1446.366526979693,17.4,10.0,84.3,110.7,higher_than_avg,6054.756004300902,463331
ES52,465.2895876418004,2306.7684215486684,1262.3920310831975,875.184243820413,1290.8649463219933,62865.77108213581,68005.48024085064,4435.610947835909,390.9060849125164,6539.385577553799,12680.587774819802,231.9,181.74,913.8,216.2,12.0,16.2,1039.830069187991,15.5,12.0,83.5,110.9,higher_than_avg,7053.051284452576,354722
ES53,3327.3451857358195,2791.656239030333,620.2894959631625,660.3481385120485,1512.7299758409217,73894.9802804105,73763.3897045159,2086.4358132523903,363.4186128146359,5965.846909909352,14559.871151582729,287.46,204.91,696.86,241.2,18.2,16.1,1212.3810113774805,21.3,11.3,84.2,112.9,higher_than_avg,4167.668132730389,50459
ES61,358.73675688242264,1956.400167349152,2857.2496872229253,831.6148827512068,880.3523154939625,61154.43786053993,60693.63793678358,4066.190434795224,370.72059804085427,6911.739363721727,51532.876005106344,217.98,190.02,864.81,97.4,17.2,22.3,883.2244270314409,21.8,9.6,82.6,110.6,higher_than_avg,5267.004345203981,446541
ES62,1.4619212702235211,2150.0921342655074,2690.599646879562,768.7047842702588,1272.8018186300603,64187.381094301236,70504.50238525745,4627.7782318593845,449.6072415605611,7329.408739232452,24976.260392100576,325.41,458.72,764.5,132.4,12.4,16.2,991.2557172750585,18.7,12.8,82.9,109.9,higher_than_avg,6737.397075758754,101389
ES70,1789.680070380225,2108.3758904815036,983.0164792721655,704.3386833748176,1076.2667009984837,70787.11054845077,63343.53453208594,3144.8033788229914,391.8208022201242,5631.312047606786,2333.9377163619715,290.96,220.55,744.08,299.4,19.7,22.6,971.7245300832548,18.2,10.2,83.5,111.2,below_than_avg,1570.6359253855176,35135
FI13,236.10644974288806,3633.2753628630685,3609.659241596042,1097.2143663499023,2519.6400744238517,85374.30852025094,70603.56334545158,5334.6914539322515,707.3826149446052,6956.612897295258,104576.0684442713,388.16,75.49,1113.12,6.3,10.5,8.8,1634.787601986173,8.6,26.1,82.3,109.8,below_than_avg,153.64912766568327,1964
FI18,39.60675282078423,3895.910842152727,3051.896162410319,1133.014274099621,2803.5463014355237,82782.9010249009,70877.43668577656,4872.152883806844,787.0885742604396,6301.303802074175,124703.8198319281,342.38,77.98,1136.41,36.6,8.8,7.7,1702.5001871527882,8.2,24.8,82.3,109.7,below_than_avg,670.1810768510281,7699
FI19,48.380592056588604,3841.936906485466,1401.3688733632562,1035.4317115559256,2336.120478417556,85991.96896678784,72112.68833614283,5729.219556494315,655.8599498487996,6836.895750341639,57387.94126436548,333.02,78.0,1044.96,23.7,10.5,7.7,1761.4459631582154,8.1,25.6,82.3,106.2,below_than_avg,555.1074527872154,7653
FI1A,236.10644974288806,3633.2753628630685,3609.659241596042,1097.2143663499023,2519.6400744238517,85374.30852025094,70603.56334545158,5334.6914539322515,707.3826149446052,6956.612897295258,104576.0684442713,388.16,75.49,1113.12,6.3,10.5,8.8,1634.787601986173,8.6,26.1,82.3,109.8,below_than_avg,211.69783068398112,2706
FI1B,1304.8868898785304,5619.912707689122,198.84892512095163,731.894243146074,1906.0481260627148,63483.11115714096,85956.52842918226,5424.018701267957,535.1182183958617,6720.442675583305,10739.617393362825,274.76,111.19,728.54,184.7,7.6,7.2,2551.7957064019292,8.0,30.8,82.3,111.0,below_than_avg,1489.7690452588438,25173
FR10,878.5786861664475,6041.295256573272,67.44466954023807,616.5858401828182,981.1043466665777,51534.82996499141,79258.92781524749,5806.546721460918,386.2895481833587,6761.096254933366,4650.672001927827,534.57,180.78,613.93,1026.8,9.8,8.2,3110.243803937939,5.9,12.7,82.2,107.3,below_than_avg,278.9638448570836,34289
FR23,12.524777934178218,3818.108444657986,1287.1850093800024,1042.2124250625936,1275.716538018586,51617.836128823525,60608.529524674115,3769.8495095115877,287.7982707959602,6322.809703051096,60183.51968593289,1167.79,112.17,800.258,245.95999999999998,17.130000000000003,11.0,1957.3056878789123,11.290000000000001,9.85,82.2,106.05,below_than_avg,193.18338206427654,6401
FR24,7.600188016958943,2974.975893762623,1338.0228442164128,1056.2312577414734,1091.0362213268293,62170.74621374223,58953.96000975942,2588.000433405594,260.35515873479864,6288.473515878157,89756.66146735856,597.56,84.19,1017.94,65.4,11.6,8.9,1486.8403718869436,9.0,12.3,82.7,104.3,below_than_avg,196.86435730081857,5051
FR26,464.1812878576155,4527.094556948481,1629.6197160367965,1080.32980296774,1182.565717080984,61202.773144697276,71862.9520593362,4469.874400477793,300.94646051535915,5936.01685013904,86432.10973488442,1256.2,67.02,800.258,245.95999999999998,17.130000000000003,11.0,2320.7585783160384,11.290000000000001,9.85,82.2,106.05,below_than_avg,343.02886688468885,9586
FR30,102.94273601551154,2112.8049139958866,685.8952252039358,929.2903314158217,1357.8955191351743,28563.467854193404,33538.596628642095,2086.1001420389307,300.09377408545214,6789.661302699909,35572.360109188776,1164.71,130.09,800.258,245.95999999999998,17.130000000000003,11.0,1083.1030955468582,11.290000000000001,9.85,82.2,106.05,below_than_avg,264.83872610869275,15858
FR41,192.81062398460116,2285.230876000406,1282.6946233039655,963.2041317904149,754.2074135811367,30894.531830010175,36275.68075300551,2256.3467281984363,320.33947964614174,6028.935683187976,54268.40524985359,1763.8,383.0675,800.258,245.95999999999998,17.130000000000003,11.0,1171.4951150667937,11.290000000000001,9.85,82.2,106.05,below_than_avg,260.0432586548921,14396
FR51,188.66437200088728,3174.61772811327,1563.4734881250654,926.4038721764834,918.1020112763888,62415.825808626134,64189.197314806304,3481.674755088556,292.29359465601095,6516.4108410256495,54806.16202351705,500.32,73.59,898.22,118.3,10.5,6.9,1623.7264041864426,8.2,14.4,83.4,107.5,below_than_avg,156.53067066203542,5977
FR52,61.15781813677675,3017.855164947459,1613.5064093631606,1050.6401026165065,1069.5472177658996,64889.93379234449,61979.9548849435,3764.9574634571613,325.113055616098,6116.704838196779,48940.2487521304,590.26,77.42,1041.05,122.4,8.3,6.7,1506.4495593897796,4.5,13.7,82.5,106.7,below_than_avg,95.42882528158204,3205
FR61,168.58233982849995,2102.052414386225,1936.7196462063825,1088.7567908143394,1085.6662807406058,28418.10247998479,33367.91179883637,2075.48354851702,340.08903327515645,5675.190049753889,66888.77353938506,1936.6399999999999,89.76,800.258,245.95999999999998,17.130000000000003,11.0,1077.5909606900411,11.290000000000001,9.85,82.2,106.05,below_than_avg,143.07732389741898,8611
FR62,223.61114611423338,2125.5647739778387,1653.9395314062015,1003.1502810050656,1062.3755639002998,28735.97116862824,33741.146231843886,2098.698723926174,352.7474650738846,5910.27999697573,59587.85923704395,1266.14,80.84,800.258,245.95999999999998,17.130000000000003,11.0,1089.6442786696573,11.290000000000001,9.85,82.2,106.05,below_than_avg,178.34790863345012,10615
FR71,156.59438705598834,1568.8012965043042,1025.1550505161986,867.6678224823808,1035.8939433884257,21208.96496665611,24903.10086151714,1548.9724516396404,339.0563613307596,6415.980067821193,36389.84214819523,1286.5900000000001,105.21,800.258,245.95999999999998,17.130000000000003,11.0,804.2264239759547,11.290000000000001,9.85,82.2,106.05,below_than_avg,345.91387606325577,27895
FR82,494.1328372441843,3359.935890744847,740.1160631182323,1013.9078009966161,1197.7157631329242,64325.36195378036,62663.28717094082,3120.126863534651,403.55822909408454,6210.771189908897,15795.510540253215,688.32,103.16,989.25,162.4,13.2,8.0,1681.0479870142913,8.2,11.1,82.2,106.9,below_than_avg,388.51169710306993,19727
FRM0,1228.506911616315,2827.9136199753084,1188.3180528931641,929.8371917528992,909.5981981513125,72074.23662853062,57621.1809741895,1619.986873567007,300.11536226352905,4853.599794140522,45971.42832360416,596.41,176.85,929.07,39.6,18.8,8.1,1518.1211274854206,6.9,7.5,84.0,109.2,below_than_avg,102.64061040804702,355
FRY1,596.5852641985839,2442.4375184766964,1611.4102383917882,882.2773951856393,666.3726549740478,66966.81706495558,46577.032678915,3429.759475819154,279.39188043093714,7331.0684740308525,7502.144508362371,563.0,917.0,754.0,247.0,22.3,17.4,1346.2835791238774,12.2,6.6,81.8,104.7,below_than_avg,179.31482352028922,740
FRY2,543.0477932082897,2538.1675888844734,1795.3371259598523,989.1029150605441,752.3185139277585,70758.79395588362,56074.15631661298,1202.8202912003467,307.9308878581295,6377.059704686497,6717.2288443420475,521.93,1684.0,876.55,328.6,18.5,12.4,1582.4423810728115,14.8,7.6,82.1,100.2,below_than_avg,83.65270509503337,301
FRY3,194.38639850600168,1511.187631471158,1419.714946231334,354.0609401359316,633.1442694195483,34487.27116208355,29827.232145956415,1570.364405073485,216.9491054754483,10069.909679748409,6793.110390647237,350.41,301.0,333.05,3.4,33.6,16.1,906.7604812451837,26.8,4.4,79.8,104.7,below_than_avg,285.67858209007034,823
FRY4,286.0450623090407,2296.696768892862,1325.773932203469,590.9964078061943,993.0466891830384,54296.044385417415,50634.19609783652,2634.0420466401665,337.62887199512636,8680.434797831147,4924.970065051619,401.77,1946.0,549.52,345.7,24.7,17.3,1287.2331238081456,16.4,8.2,81.3,109.0,below_than_avg,79.12629630580562,678
HR03,559.9060126568457,1277.2066134712281,2670.690536190805,1212.5473685436475,818.6769272427905,51951.08174249273,74072.5148165456,3607.943502775509,327.8492825021364,3846.5513953247996,34023.825849722154,524.77,460.71,1225.69,56.0,9.4,7.5,573.7791908877699,1.4,10.38717948717949,79.9,108.8,higher_than_avg,5286.13293618731,72621
HR04,127.03199977052283,1366.865062586543,5154.295451099572,1308.9138838525191,1042.37020104956,45649.56378850402,73097.92677070873,4257.9934233931845,359.191361227971,3967.123671425959,41119.25250050012,579.08,435.82,1320.16,85.8,13.6,7.5,614.0574132485062,2.6,10.38717948717949,77.9,109.6,higher_than_avg,5960.073209174765,159990
ITC1,92.71164035584384,3195.8927142846205,1288.03537377033,1232.529005150982,1034.904993184059,77596.69717390704,76466.10458253436,3046.1468304657365,365.5116409125312,4609.371321369349,22002.603905115422,346.77,131.19,1213.45,172.3,16.6,7.5,1278.0080427405996,12.0,7.0,83.3,105.0,higher_than_avg,4776.516700504753,205926
ITC2,9060.265019679353,3893.373002543308,0.0,1113.297183166179,1242.0621590927267,217527.2325927348,87303.29350416687,922.9489578834557,368.69971367787963,4629.94065614153,0.0,359.01,906.48,1147.43,38.6,14.7,5.8,1370.8271350192747,11.86,7.5,83.6,101.5,higher_than_avg,5388.934209894908,6738
ITC3,100.9295486829317,3262.059408745654,769.9239126300313,1400.4220809456292,1318.6422581986403,62522.41239328291,74889.5611696023,2256.9788290598403,456.18319729595373,4252.747526603035,2448.1481821532425,351.56,198.78,1416.52,284.3,15.4,8.3,1217.1290363621815,10.7,8.7,83.5,101.0,higher_than_avg,4259.240070670358,64946
ITC4,489.6085823908847,3976.8140977274534,523.8540580290282,997.0778656751634,1053.7314903403626,69486.81250013712,82641.5886869064,3274.1826011842113,368.67239046783067,4932.744638249504,9197.812198768957,350.53,144.36,982.92,435.8,15.7,5.0,1574.7952501505347,11.9,7.9,84.2,106.4,higher_than_avg,4777.293713890918,479048
ITF1,54.02101023153297,2560.4683675685365,2088.9669621721546,1129.263235340715,1071.378061287184,79225.55974345043,69954.75836997204,3807.3606138146947,424.90345386690734,4435.287234889381,32780.474534773995,293.07,518.55,1111.32,120.5,15.5,9.3,997.0315493519412,8.0,6.9,83.7,100.6,higher_than_avg,3633.009542166142,47009
ITF2,3769.653450966299,2159.475701792916,3923.252006548736,1218.9034860040729,678.1668862889164,84829.75948036044,65216.46102037828,2797.5215961878903,405.96840101691754,4193.786686898535,57966.96348946478,300.18,1611.79,1177.64,68.2,25.5,9.5,815.8301055517842,8.6,7.1,83.6,103.5,below_than_avg,3161.2293521809156,9500
ITF3,189.66612005336702,1919.256398167903,1168.0379850434417,942.9035652643851,846.9675916726875,69296.6370064615,56427.22704946287,3979.5572344739967,384.8117948027562,5103.478676916877,8910.84134273249,252.21,2006.23,924.17,422.2,28.0,17.9,756.7772725577772,17.3,5.3,82.1,101.7,higher_than_avg,4306.649886041018,246002
ITF4,209.79914274259133,1959.7607571386475,2423.288868427809,990.0576859109025,949.8128780855512,68240.26985016334,62016.11057077559,2305.159859914679,379.4799541143423,4668.321821868032,29963.283885255503,283.3,470.68,960.47,206.8,22.7,14.0,795.8075584858746,15.6,5.5,83.7,103.1,higher_than_avg,3408.945173721734,134766
ITF5,2047.59690209305,2365.974760236709,4122.880268375828,1176.313230451113,1237.2255781250565,79523.14849960415,66420.08914531118,1404.77972142994,339.0847603451579,4181.6236303759215,87596.29392647863,288.35,1027.07,1091.16,55.7,21.0,8.6,874.733847382938,10.1,7.1,83.0,105.9,below_than_avg,2582.177444717978,14286
ITF6,186.6839835067657,1774.9449609579171,2588.0228708997893,1064.4577136491544,739.7141665478774,78563.65258617504,56888.39613327632,2449.435354863234,383.1878824355502,4642.655389602505,26313.149711473994,248.18,505.92,1007.27,126.5,26.5,20.1,686.8502885260096,16.6,5.6,82.8,99.2,below_than_avg,1849.892561678044,35039
ITG1,372.94191730132974,1833.019984452207,1782.6631851643695,1074.9104155855343,855.1286179899042,77692.50649704941,53699.38403664193,2447.526198441529,434.0869979016633,4874.868982152857,27200.63832100244,281.95,1258.83,1027.28,192.1,29.3,17.9,732.4466852228278,19.4,4.7,82.3,99.8,below_than_avg,2968.1106149582897,144704
ITG2,564.4627365863314,2187.590630799673,2254.8725786025375,1055.0247235547315,1093.9917015228766,76769.47619818803,64123.426041234256,2580.755649125942,471.26464596825184,4133.974426989968,70397.44456047668,301.25,825.4,994.66,68.3,19.3,13.3,877.396112361405,12.0,8.6,83.6,99.6,below_than_avg,2425.3841318771597,39088
ITH1,6.946478323232779,4790.422871561494,0.0,836.2057959913188,1066.9415219170778,107059.68714563573,101169.09230180006,888.9614827164111,332.3045035708654,5214.364566201816,0.0,349.97,132.48,826.12,72.2,10.4,3.8,1846.6743265670882,14.2,7.1,84.5,107.8,higher_than_avg,9095.193037000323,48445
ITH2,2076.9879937124047,3844.205894485951,5876.151624879681,930.2837237017004,800.8433790163633,145131.2279415135,84620.04858596508,3352.9816198377407,324.1508915066233,4950.268139524224,49968.37328688637,347.06,109.87,916.56,88.2,11.6,5.3,1397.2223495439337,7.9,10.8,84.9,105.6,higher_than_avg,4897.281936104872,26711
ITH3,377.1981620505118,3378.882067777205,3728.121369103896,1002.2272399625098,1003.2520121915103,74219.1901716965,81993.40333620748,2479.5388852896613,346.3730134021761,4835.6746987630795,33129.86139135785,328.97,135.28,995.51,282.0,12.6,5.8,1335.9504649699036,10.5,7.6,84.3,105.3,higher_than_avg,6235.841490691071,304255
ITH4,64.6650351180883,3214.315678120668,3249.832534139822,1187.0179138728056,1236.262825231965,75232.95993420748,76889.76932821318,2734.3361388010107,394.2909064379846,4503.4222726277885,36410.559966042565,326.82,135.33,1174.2,159.9,11.0,5.6,1345.604767305358,8.5,8.7,83.9,103.3,higher_than_avg,5814.215696027909,70132
ITH5,221.88028589739656,3668.1613998193147,3309.05157322195,1126.1796560530756,1403.8604257637396,74944.50752768911,83192.71282866788,3796.605780446265,426.1983159499108,4767.950854356704,46749.2018021921,371.56,204.74,1113.52,201.9,13.2,5.7,1438.5100397189233,9.3,9.2,84.0,106.3,higher_than_avg,4783.564237422883,213544
ITI1,222.96214951436065,3215.3156825016827,3507.869212510037,1182.8395243943557,1166.0219008247677,79727.04536560728,78582.50452599894,3504.104881308471,439.04559309204603,4543.087374460231,40561.887365252514,285.45,271.87,1152.71,162.7,15.2,6.6,1218.1104953074498,11.7,8.2,84.1,103.7,higher_than_avg,3706.620483648856,136869
ITI2,25.052719886458316,2673.869898237691,4411.806956151994,1179.4314871317508,1162.5381393184052,83756.06925123397,73254.40577361763,3115.845845328185,442.674665149713,4475.587963202382,73480.31695138279,302.88,282.41,1130.5,105.5,14.9,8.2,1039.1477478409267,11.2,8.1,84.5,103.4,higher_than_avg,4728.068814535174,41142
ITI3,31.864145036068624,2802.4482505129995,3712.6356539950502,1153.0589579234627,1107.0476613568571,78247.96122358317,76531.78613737809,3423.0156967273806,375.5605974064437,4692.557276131243,62078.22978147278,301.75,298.01,1112.52,161.9,14.6,7.4,1101.0119840917266,9.8,6.2,84.4,102.6,higher_than_avg,3713.495060396438,56173
ITI4,855.6735062633562,3489.4026790833436,1962.923710408812,986.7783240961135,925.0829612384244,73406.64037389023,79316.90150633286,5116.70170439738,468.85695918828293,4759.264728877461,21571.659398509306,338.37,567.21,979.13,343.0,17.6,9.1,1420.9844154490333,11.9,7.8,83.8,104.1,higher_than_avg,3741.595288149139,215355
LU00,697.3237843950245,10144.629999936113,563.8004944833798,684.0672855162368,5143.996195243186,217680.87517058454,256515.6148700245,13487.154925875846,284.2960000511094,6256.907753933826,20929.296543088414,426.45,82.62,674.73,239.8,12.196610169491525,7.987394957983193,5015.2593482274615,8.2,16.3,81.61428571428573,112.1,higher_than_avg,7636.5419384515135,47813
LV00,408.14079966451305,1594.8329773153184,4303.14387932955,1453.0252794632208,1688.2839948163712,71443.89761951294,84189.64372602319,4426.548335712464,327.7811996278192,6331.634057163825,98429.76397971352,542.32,366.34,1483.83,30.2,12.196610169491525,7.987394957983193,728.6089087501801,7.2,6.6,81.61428571428573,111.3,higher_than_avg,4182.158910715924,79782
MT00,1422.1748898096253,2612.308672973624,864.8098195754076,716.7232841784502,6259.079861419223,264868.3883662758,312121.4826436387,16410.816917487962,374.10312419835043,5205.960774558655,2114.411424040547,430.84,93.18,762.02,1595.1,12.196610169491525,7.987394957983193,1120.797412955434,16.7,11.0,81.61428571428573,125.0,higher_than_avg,3741.4199205541004,19252
NL11,2771.760095311897,4210.732488316441,955.8499725193133,938.7812230100398,822.5430388518876,55151.68997688892,69767.83086917487,8773.678622756739,541.0793594439684,6052.407888493273,27815.234200312017,552.8486915887851,437.825,962.35,247.9,5.6,5.2,1802.2892606841835,6.1,19.9,81.3,97.4,higher_than_avg,3893.8938255505527,22813
NL12,2498.442204638153,3189.0863549434807,1453.9423377238802,962.5252132064121,820.0542497426752,60599.393498339115,67512.00464030697,3967.031665171696,235.40018801243775,6948.3058109998055,34839.22782584078,552.8486915887851,437.825,988.31,191.0,4.5,3.9,1508.4074792640129,6.4,16.4,82.0,104.7,higher_than_avg,3706.399038705637,24090
NL13,35.85303900081429,3180.421809991047,1286.2530940970098,1041.7637264473892,828.8736474086558,62447.28387909626,65610.6562524054,2984.3097378474404,292.9010982778388,6655.904002981676,30428.494455945325,552.8486915887851,437.825,1080.19,184.5,5.6,3.7,1526.6912708990808,6.5,18.1,81.9,103.4,higher_than_avg,4104.261447652537,20262
NL21,1396.9989831435832,3915.7574892077296,1158.8033785097462,901.406221234233,754.0394664170694,57659.3720266413,75114.11675438701,4643.300189434673,263.76326343807585,7147.244594401613,17096.436184947426,552.8486915887851,437.825,903.93,344.9,4.7,3.5,1885.2277087351579,6.8,17.3,81.9,109.8,higher_than_avg,6090.643028339496,70798
NL22,778.4838769060841,3919.4267173933054,964.5476022458811,914.6423311754057,834.7747215659805,57285.54635964778,73383.18427269658,4849.008989660356,367.5060595833461,6709.454484091676,11143.11355198969,552.8486915887851,437.825,913.87,415.8,4.3,3.5,1851.7684011904398,6.1,17.6,82.1,108.2,higher_than_avg,5362.203924155493,111853
NL23,3838.769233678706,3488.3492781682235,1151.2430824947226,583.6589672853121,705.1659373884512,101488.34218632172,61980.13810189092,3866.9475037882285,122.92533940395393,7965.561993376215,20944.586675365998,552.8486915887851,437.825,591.63,292.5,5.5,3.9,1472.0309393623484,9.0,18.0,82.4,111.5,higher_than_avg,5671.822439075128,23993
NL31,1230.9292307412422,5748.716487104988,388.8629057382672,744.600452839571,745.2068667276618,61508.78807426448,86427.24435675025,6037.532471568664,584.3555829115598,7241.264039429031,4886.937920652259,552.8486915887851,437.825,750.0,934.6,3.7,3.5,2649.5738805410124,6.0,22.2,82.7,114.8,higher_than_avg,5977.8007035917135,78861
NL32,2489.645000724077,6172.28489262299,568.8434246318927,801.728895058112,627.4641633851671,48250.2855503699,87545.03777877409,5291.528782331265,482.440345237256,6484.224666064947,4446.563619650033,552.8486915887851,437.825,811.96,1041.2,5.6,3.9,2678.9469242691594,7.4,20.5,82.4,114.5,higher_than_avg,5840.9940243658075,168193
NL33,56.13867909587349,4559.559212552203,695.4572805216677,833.9077621739076,748.524623701259,48148.34499061106,75017.70024242188,5472.372799287664,364.7678777789915,6894.561572139404,3435.6230632222478,552.8486915887851,437.825,842.33,1292.2,4.3,4.4,2129.1568862422578,7.0,19.9,82.2,105.2,higher_than_avg,6230.244967081955,233279
NL34,4234.5001668891855,3752.576351802403,1468.1033044058745,1025.8469626168223,761.1711448598131,61605.57827102804,69793.83970293726,2760.451435246996,163.76001335113483,6387.944342456609,31860.18858477971,552.8486915887851,437.825,1026.48,212.6,3.5,2.6,1644.1192423230975,7.4,17.7,82.6,106.1,higher_than_avg,3874.697513351135,14859
NL41,264.7334814696317,4715.99774479068,1070.2489899354457,892.9536414022097,790.1816457955757,62802.858419285556,81101.30688989857,4687.089706998368,262.47046865824797,6458.716598613709,9633.411433286967,552.8486915887851,437.825,903.55,514.8,3.9,3.5,2166.678697050865,8.0,17.5,82.3,109.9,higher_than_avg,5997.101002553693,153703
NL42,39.38413946997899,4103.826437677732,1149.3007972602961,1074.7394604909948,890.887136692502,59216.20191890269,75027.77029379673,4452.197948265352,350.518841282813,5521.029787835851,8766.551408385778,552.8486915887851,437.825,1053.85,517.7,4.6,3.5,1903.2385398867348,7.5,15.3,81.8,107.9,higher_than_avg,5747.130552156685,64207
PT11,369.2797715908258,1769.8793792363128,3796.8438228777254,977.4460484575166,900.8091458237853,0.0,88055.25687361586,3382.197711097524,531.5581352028815,5610.070991889438,18085.283125679303,334.11,437.825,985.99,169.3,8.5,6.8,778.7453941417566,10.5,8.4,82.4,111.7,higher_than_avg,8517.348569561815,304524
PT15,2066.8056550320935,2316.9482169495855,2627.7012632126384,1167.1829308905444,7346.380227030015,0.0,101505.54508834277,1903.258623285265,419.24608696048864,6799.177018562702,21037.57704046021,277.45,437.825,1208.45,88.9,12.8,8.3,836.0651998375935,19.9,9.4,80.7,115.3,higher_than_avg,4286.437685615616,18792
PT16,0.6314028192135879,1803.9719747348672,4353.071436463963,1265.782251717754,1452.5409091800652,0.0,84303.59020153026,3548.7093449872254,500.2965338240235,5327.686788121509,25166.814369826163,317.51,437.825,1280.33,79.2,8.8,5.6,743.8930944826668,6.0,10.4,82.0,109.8,higher_than_avg,5001.92803360867,110907
PT17,1089.8021564140604,2681.1144732320226,384.1758659324018,987.3669005249938,1124.831021925727,0.0,96618.79905227307,4848.718529011564,650.898692125652,6663.006518416692,2597.3781044902476,385.42,437.825,1004.82,1015.9,8.5,7.7,1200.274022167646,7.0,12.5,82.2,109.7,higher_than_avg,9510.238636077886,272304
PT18,0.42579886964593405,1903.098112575544,6391.24103338547,1482.0639322809477,4571.23071459173,0.0,84435.8306910148,2209.328401636203,310.26544301533727,5763.045767701168,304660.5105612313,214.46,437.825,1476.48,22.7,7.6,5.9,741.0915779822243,12.7,10.3,80.7,102.9,higher_than_avg,3865.686004558887,27236
PT20,1168.058781858021,1840.6604721659337,4509.9589779073785,935.3531359659961,13265.033895992196,0.0,85414.47552677967,1100.9242326891713,354.61869223545693,6865.434356414439,48843.473533336626,611.15,437.825,943.07,105.3,17.2,6.1,776.6272920476449,27.0,5.8,78.8,108.5,below_than_avg,1450.6005041269214,3522
PT30,1315.2202128580082,1993.848671014025,4995.004995004995,1053.670738710109,12667.242874492913,0.0,89681.09449605513,1241.2784066327374,442.0776074319382,6344.049651136266,2068.7973443878955,735.15,437.825,1074.14,318.0,16.1,7.9,813.0806201672343,23.2,7.9,78.8,108.8,below_than_avg,2259.944779629819,5746
RO11,117.53026286502981,1053.435836680826,8495.624411907063,1238.1503076238828,2434.925566129615,42084.1954770869,83759.87711531902,3672.4085342515923,335.31847207517853,4820.153966999669,69999.20311812419,732.38,558.57,1250.91,75.0,12.1,3.8,381.05007048282795,14.9,0.7,75.7,129.2,higher_than_avg,3729.681965621024,95011
RO12,36.84942194359317,1159.2892943141298,6746.079402944324,1253.312343994754,2679.5966521889763,41086.4574702375,71112.23478568152,2431.457051199529,321.3200473815311,5152.611902579287,73180.01439417044,728.07,558.57,1242.54,68.2,24.3,7.1,394.20025522436674,21.7,0.7,75.7,120.5,higher_than_avg,3730.4747743458906,86354
RO21,36.84942194359317,998.913525249846,6746.079402944324,1253.312343994754,3337.615872640103,41086.4574702375,71112.23478568152,2431.457051199529,321.3200473815311,5152.611902579287,73180.01439417044,664.57,463.16,1242.54,87.5,24.3,7.1,394.20025522436674,21.7,0.6,74.6,120.5,below_than_avg,3139.6312293019,72677
RO22,0.967565113977067,959.2436333163798,8176.345893590555,1489.7978672340805,2066.88735564875,38712.15400607715,72742.36559574035,1628.9589714530432,220.73105013207262,4942.4488063401595,88027.3913476962,622.8,419.67,1461.73,70.9,19.9,7.4,313.2462608866851,20.6,0.6,74.4,113.6,below_than_avg,3127.8856051972552,74353
RO31,105.98911885749581,898.4516312260113,9629.224202585256,1497.3584947280187,2222.979717210041,36066.16308951339,71851.65935059778,711.7312613049808,160.54451405126395,4634.800866899017,77582.1541227335,516.39,558.65,1471.51,86.1,17.7,5.9,284.60323653328624,17.0,2.2,75.5,103.2,higher_than_avg,3726.3008999867648,108114
RO32,632.8159924065526,2634.3388162456363,523.2553632598077,1116.924102563219,2240.566545592984,68067.16790080284,99075.78029648554,7437.93502331178,617.0106657961535,4714.078626977926,3254.5191606208778,1025.84,708.51,1136.42,1321.9,11.3,4.7,977.3075130856906,6.7,0.8,77.2,137.6,higher_than_avg,6248.358097882775,145087
RO41,26.90523338196166,895.0585973998237,13171.525050394966,1423.5695078907188,2996.8975229911503,38631.72755153478,80427.47914190103,1498.4749339015887,312.8649414863519,4352.36643043453,82401.20309315964,674.44,585.5,1392.85,66.9,13.5,5.0,292.9241853446042,11.4,0.8,76.2,111.6,below_than_avg,2602.63639880256,49721
RO42,90.03770858265405,1174.340099803554,6595.614966017116,1322.792241515569,2427.518233341613,43440.73881726014,75570.87858739585,3148.6666516133405,417.0524081558923,4297.423623185134,93051.00819653623,750.7,657.77,1297.81,55.7,13.3,4.6,431.9077833224196,6.6,1.5,75.6,127.7,higher_than_avg,4011.391604759862,71061
SK01,341.2525836628873,3939.646829711228,385.30926295415713,905.3274232667058,4809.939739141628,75997.17439873834,121364.05452872794,8013.984635419778,643.6755516792315,4600.4133860619595,11744.465286323612,715.17,437.825,950.52,328.8,7.9,3.4,1609.745934837931,7.833333333333333,4.7,79.3,108.9,higher_than_avg,5155.676889807525,34522
SK02,77.88717134410065,1584.1060822725399,1208.4711414459543,1041.346820251432,1765.9344759771514,53574.969075420886,76593.65761007834,1848.2370796669793,277.60841148552026,3781.2425978401043,44818.15908831709,471.62,437.825,1072.85,123.0,7.7,4.7,620.2631659750673,4.1,2.0,78.0,110.9,higher_than_avg,5799.455201031697,105770
SK03,106.26241317788575,1408.9056953810823,1052.525275193842,1029.2605018757693,2409.2858386437015,46436.48754287339,71761.20318525417,1774.930149575287,331.16768964343555,4091.907075558149,34840.307154852875,583.78,437.825,1015.35,82.7,10.2,6.7,581.7001238045011,7.4,3.2,77.2,112.2,higher_than_avg,5139.7195510123165,68707
SK04,34.15854479684267,1214.0278576448788,731.7055189395614,885.9718966101944,1978.6749739579927,40408.4526424952,58639.83869303018,1825.4547509866659,347.36045374343246,4746.194639811662,33165.735293394864,630.22,437.825,874.13,103.9,15.4,10.5,461.3947007564029,12.0,2.7,77.6,111.8,higher_than_avg,4900.3995812506455,79764
